city,latitude,longitude,time,temperature_2m_max,temperature_2m_min,temperature_2m_mean,precipitation_sum,shortwave_radiation_sum,wind_speed_10m_max,wind_gusts_10m_max
Ho Chi Minh City,10.82,106.63,2026-01-01,31.2,21.1,25.6,0.0,17.96,11.7,26.6
Ho Chi Minh City,10.82,106.63,2026-01-02,31.2,21.0,25.9,0.0,20.35,10.4,28.8
Ho Chi Minh City,10.82,106.63,2026-01-03,30.6,20.9,25.7,0.0,17.82,11.5,26.6
Ho Chi Minh City,10.82,106.63,2026-01-04,33.2,20.0,26.4,0.0,21.14,10.6,25.6
Ho Chi Minh City,10.82,106.63,2026-01-05,32.0,23.7,27.0,0.3,14.79,10.1,24.1
Ho Chi Minh City,10.82,106.63,2026-01-06,31.1,23.5,25.9,22.2,12.72,9.8,24.8
Ho Chi Minh City,10.82,106.63,2026-01-07,30.7,21.9,25.9,0.0,16.06,12.7,28.4
Ho Chi Minh City,10.82,106.63,2026-01-08,30.7,20.5,25.3,0.0,20.49,10.8,30.2
Ho Chi Minh City,10.82,106.63,2026-01-09,29.5,17.9,23.7,0.0,22.13,11.5,27.0
Ho Chi Minh City,10.82,106.63,2026-01-10,30.5,18.6,24.8,0.0,19.95,8.7,22.3
Ho Chi Minh City,10.82,106.63,2026-01-11,30.9,20.6,25.7,0.0,17.45,10.2,24.1
Ho Chi Minh City,10.82,106.63,2026-01-12,32.2,23.4,27.1,0.0,17.16,11.7,25.9
Ho Chi Minh City,10.82,106.63,2026-01-13,30.0,22.5,26.0,4.0,16.39,11.4,25.2
Ho Chi Minh City,10.82,106.63,2026-01-14,31.1,22.1,26.2,0.4,18.46,12.4,28.1
Ho Chi Minh City,10.82,106.63,2026-01-15,32.4,22.4,26.6,0.5,19.83,13.5,31.3
Ho Chi Minh City,10.82,106.63,2026-01-16,32.3,22.2,26.6,0.0,19.19,13.9,31.7
Ho Chi Minh City,10.82,106.63,2026-01-17,32.9,22.2,26.5,0.0,19.9,15.6,37.4
Ho Chi Minh City,10.82,106.63,2026-01-18,32.4,22.4,26.5,0.2,19.89,15.2,35.3
Ho Chi Minh City,10.82,106.63,2026-01-19,30.9,22.7,26.2,0.4,17.96,12.4,29.9
Ho Chi Minh City,10.82,106.63,2026-01-20,32.2,22.7,26.6,0.1,19.42,15.7,35.6
Ho Chi Minh City,10.82,106.63,2026-01-21,33.6,21.9,26.7,0.0,21.76,14.3,33.8
Ho Chi Minh City,10.82,106.63,2026-01-22,33.5,21.5,27.2,0.0,21.03,10.8,30.2
Ho Chi Minh City,10.82,106.63,2026-01-23,34.0,22.9,27.7,0.0,21.3,14.2,32.0
Ho Chi Minh City,10.82,106.63,2026-01-24,32.4,21.6,26.7,0.0,19.11,13.1,31.0
Ho Chi Minh City,10.82,106.63,2026-01-25,33.1,21.9,26.4,0.0,20.27,15.6,41.4
Ho Chi Minh City,10.82,106.63,2026-01-26,33.2,22.0,26.5,0.0,20.12,19.0,43.2
Ho Chi Minh City,10.82,106.63,2026-01-27,33.8,22.1,26.9,0.0,20.56,15.4,36.0
Ho Chi Minh City,10.82,106.63,2026-01-28,34.2,22.0,27.0,0.0,21.65,14.1,40.3
Ho Chi Minh City,10.82,106.63,2026-01-29,32.9,22.2,27.1,0.0,16.64,13.8,36.4
Ho Chi Minh City,10.82,106.63,2026-01-30,33.5,22.5,26.9,0.0,17.32,17.3,40.0
Ho Chi Minh City,10.82,106.63,2026-01-31,34.4,22.8,27.4,0.0,18.84,17.4,41.0
Ho Chi Minh City,10.82,106.63,2026-02-01,34.0,22.1,27.3,0.0,22.98,10.6,27.0
Ho Chi Minh City,10.82,106.63,2026-02-02,34.1,21.5,27.1,0.0,22.09,16.9,39.2
Ho Chi Minh City,10.82,106.63,2026-02-03,33.9,24.4,28.5,0.9,19.86,10.1,29.9
Ho Chi Minh City,10.82,106.63,2026-02-04,33.4,24.2,27.8,3.3,20.04,9.8,29.5
Ho Chi Minh City,10.82,106.63,2026-02-05,32.8,24.0,27.2,0.7,18.63,15.4,36.4
Ho Chi Minh City,10.82,106.63,2026-02-06,30.5,23.3,26.3,1.2,17.42,13.7,30.6
Ho Chi Minh City,10.82,106.63,2026-02-07,33.3,23.2,26.9,0.0,19.13,14.7,37.4
Ho Chi Minh City,10.82,106.63,2026-02-08,34.2,23.0,27.6,0.1,22.72,18.8,43.2
Ho Chi Minh City,10.82,106.63,2026-02-09,35.0,22.2,28.1,0.0,23.05,9.9,28.4
Ho Chi Minh City,10.82,106.63,2026-02-10,34.3,22.5,28.0,1.2,20.82,11.9,29.2
Ho Chi Minh City,10.82,106.63,2026-02-11,31.0,24.4,26.6,2.3,15.37,11.1,32.4
Ho Chi Minh City,10.82,106.63,2026-02-12,31.9,24.0,27.1,5.1,18.63,8.5,20.2
Ho Chi Minh City,10.82,106.63,2026-02-13,32.5,23.4,27.2,1.2,19.64,10.5,24.8
Ho Chi Minh City,10.82,106.63,2026-02-14,33.2,23.5,27.8,0.4,21.43,9.1,25.6
Ho Chi Minh City,10.82,106.63,2026-02-15,33.8,23.5,28.2,0.0,20.71,11.8,28.1
Ho Chi Minh City,10.82,106.63,2026-02-16,35.7,25.0,29.5,0.1,22.89,14.5,34.2
Ho Chi Minh City,10.82,106.63,2026-02-17,35.7,25.9,29.8,0.0,23.31,16.6,39.2
Ho Chi Minh City,10.82,106.63,2026-02-18,35.7,24.0,29.4,0.1,22.72,13.9,39.6
Ho Chi Minh City,10.82,106.63,2026-02-19,34.8,24.6,29.5,0.0,23.18,12.1,28.8
Ho Chi Minh City,10.82,106.63,2026-02-20,35.2,24.7,29.4,0.3,22.3,11.1,29.2
Ho Chi Minh City,10.82,106.63,2026-02-21,34.5,23.5,28.4,0.0,21.93,15.5,35.3
Ho Chi Minh City,10.82,106.63,2026-02-22,33.7,23.9,27.8,0.1,22.77,14.3,35.3
Ho Chi Minh City,10.82,106.63,2026-02-23,34.2,24.5,28.3,0.3,22.58,14.2,35.3
Ho Chi Minh City,10.82,106.63,2026-02-24,34.7,24.4,28.2,0.0,22.66,15.4,36.7
Ho Chi Minh City,10.82,106.63,2026-02-25,34.5,24.4,28.2,0.0,19.98,13.9,34.9
Ho Chi Minh City,10.82,106.63,2026-02-26,26.4,23.6,24.8,31.1,5.57,10.6,25.2
Ho Chi Minh City,10.82,106.63,2026-02-27,29.8,24.0,25.7,21.5,14.53,10.1,26.6
Ho Chi Minh City,10.82,106.63,2026-02-28,31.2,23.4,26.7,1.5,20.86,11.5,26.6
Ho Chi Minh City,10.82,106.63,2026-03-01,32.2,24.3,27.6,0.0,22.74,12.4,24.5
Ho Chi Minh City,10.82,106.63,2026-03-02,32.3,24.8,27.8,0.1,21.6,12.3,28.4
Ho Chi Minh City,10.82,106.63,2026-03-03,32.5,25.1,28.2,0.3,21.93,10.3,22.0
Ho Chi Minh City,10.82,106.63,2026-03-04,32.2,24.9,27.8,0.3,19.04,12.2,29.5
Ho Chi Minh City,10.82,106.63,2026-03-05,32.5,24.7,27.7,2.1,22.84,11.0,28.4
Ho Chi Minh City,10.82,106.63,2026-03-06,31.9,23.1,26.2,6.0,21.16,11.0,32.0
Ho Chi Minh City,10.82,106.63,2026-03-07,31.8,23.0,26.3,2.0,22.14,4.4,26.3
Ho Chi Minh City,10.82,106.63,2026-03-08,32.5,23.1,27.2,0.1,24.31,11.7,26.3
Ho Chi Minh City,10.82,106.63,2026-03-09,32.8,23.2,27.3,6.2,22.91,13.6,32.4
Ho Chi Minh City,10.82,106.63,2026-03-10,33.4,23.9,27.8,0.8,22.68,14.5,32.4
Ho Chi Minh City,10.82,106.63,2026-03-11,34.2,23.7,28.2,0.0,23.36,13.4,37.4
Ho Chi Minh City,10.82,106.63,2026-03-12,34.6,25.3,28.7,0.3,23.34,14.3,37.4
Ho Chi Minh City,10.82,106.63,2026-03-13,34.8,24.5,28.6,1.5,23.47,9.4,26.3
Ho Chi Minh City,10.82,106.63,2026-03-14,32.3,24.6,27.7,1.0,18.99,10.0,21.6
Ho Chi Minh City,10.82,106.63,2026-03-15,34.1,23.6,28.1,1.2,22.77,12.2,30.6
Ho Chi Minh City,10.82,106.63,2026-03-16,33.5,24.0,28.2,0.2,23.54,12.9,29.9
Ho Chi Minh City,10.82,106.63,2026-03-17,34.5,24.0,27.9,0.1,23.74,16.5,45.0
Ho Chi Minh City,10.82,106.63,2026-03-18,34.5,23.8,27.9,0.0,24.16,16.5,43.2
Ho Chi Minh City,10.82,106.63,2026-03-19,33.2,23.9,27.8,0.0,23.19,15.6,39.2
Ho Chi Minh City,10.82,106.63,2026-03-20,32.4,24.2,27.6,0.4,22.75,13.4,32.0
Ho Chi Minh City,10.82,106.63,2026-03-21,34.8,23.9,28.2,0.0,23.67,16.2,40.7
Ho Chi Minh City,10.82,106.63,2026-03-22,35.3,24.6,28.7,0.0,23.94,18.1,45.7
Ho Chi Minh City,10.82,106.63,2026-03-23,35.5,24.5,28.8,0.0,24.08,15.8,41.4
Ho Chi Minh City,10.82,106.63,2026-03-24,35.2,24.0,28.3,0.0,24.24,16.2,38.5
Ho Chi Minh City,10.82,106.63,2026-03-25,36.0,23.9,28.6,0.0,25.01,17.5,43.9
Ho Chi Minh City,10.82,106.63,2026-03-26,35.5,24.5,28.6,0.0,22.15,15.8,41.0
Ho Chi Minh City,10.82,106.63,2026-03-27,33.5,23.9,28.2,0.0,21.95,14.8,34.9
Ho Chi Minh City,10.82,106.63,2026-03-28,34.7,23.5,28.0,0.0,25.36,17.4,43.9
Ho Chi Minh City,10.82,106.63,2026-03-29,35.3,24.1,29.1,0.0,24.76,15.3,38.5
Ho Chi Minh City,10.82,106.63,2026-03-30,34.9,24.5,28.9,0.1,23.72,14.9,35.3
Ho Chi Minh City,10.82,106.63,2026-03-31,35.4,24.3,29.0,0.0,24.78,15.6,37.4
Ho Chi Minh City,10.82,106.63,2026-04-01,35.2,24.5,28.9,0.0,24.7,17.1,40.3
Ho Chi Minh City,10.82,106.63,2026-04-02,35.8,25.4,29.4,0.0,23.87,18.1,45.0
Ho Chi Minh City,10.82,106.63,2026-04-03,35.4,25.0,29.3,0.0,25.49,16.5,38.5
Ho Chi Minh City,10.82,106.63,2026-04-04,35.8,23.5,29.4,0.0,25.17,13.3,32.0
Ho Chi Minh City,10.82,106.63,2026-04-05,36.3,24.9,29.8,0.0,24.15,13.8,34.2
Ho Chi Minh City,10.82,106.63,2026-04-06,37.0,25.0,30.0,0.0,24.83,15.9,38.9
Ho Chi Minh City,10.82,106.63,2026-04-07,37.3,25.2,30.7,0.0,25.47,13.8,31.3
Ho Chi Minh City,10.82,106.63,2026-04-08,37.0,26.6,30.7,0.3,23.57,16.2,35.6
Ho Chi Minh City,10.82,106.63,2026-04-09,35.4,26.3,29.9,0.0,24.71,14.4,34.9
Ho Chi Minh City,10.82,106.63,2026-04-10,36.4,25.2,30.1,0.3,21.62,15.2,35.3
Ho Chi Minh City,10.82,106.63,2026-04-11,36.5,26.0,30.3,0.0,23.37,14.5,35.3
Ho Chi Minh City,10.82,106.63,2026-04-12,36.5,26.0,30.4,0.6,23.94,15.6,38.5
Ho Chi Minh City,10.82,106.63,2026-04-13,34.8,26.1,29.9,0.2,23.32,13.3,31.0
Ho Chi Minh City,10.82,106.63,2026-04-14,34.6,26.4,29.7,0.6,21.23,12.6,29.9
Ho Chi Minh City,10.82,106.63,2026-04-15,34.8,26.0,29.8,0.2,20.98,13.8,36.7
Ho Chi Minh City,10.82,106.63,2026-04-16,36.2,26.2,30.6,0.0,21.54,14.6,34.2
Ho Chi Minh City,10.82,106.63,2026-04-17,35.8,27.1,30.7,0.1,23.87,15.8,34.6
Ho Chi Minh City,10.82,106.63,2026-04-18,35.0,26.2,30.3,0.5,22.79,15.7,35.3
Ho Chi Minh City,10.82,106.63,2026-04-19,34.1,26.0,29.7,0.9,21.49,13.6,33.1
Ho Chi Minh City,10.82,106.63,2026-04-20,33.7,26.8,29.7,0.3,23.02,14.7,35.3
Ho Chi Minh City,10.82,106.63,2026-04-21,34.2,25.8,29.4,0.1,22.23,15.5,37.1
Ho Chi Minh City,10.82,106.63,2026-04-22,34.2,25.5,29.4,0.0,20.27,14.1,33.8
Ho Chi Minh City,10.82,106.63,2026-04-23,35.5,25.6,29.8,0.0,22.19,14.9,37.8
Ho Chi Minh City,10.82,106.63,2026-04-24,36.2,25.5,30.1,0.0,26.01,14.2,36.7
Ho Chi Minh City,10.82,106.63,2026-04-25,36.1,27.0,30.8,1.8,20.27,13.4,35.3
Ho Chi Minh City,10.82,106.63,2026-04-26,37.2,27.0,31.1,0.6,24.39,12.5,33.5
Ho Chi Minh City,10.82,106.63,2026-04-27,36.9,26.6,31.0,0.0,24.89,14.3,37.1
Ho Chi Minh City,10.82,106.63,2026-04-28,37.2,27.6,31.2,0.0,23.9,15.3,36.0
Ho Chi Minh City,10.82,106.63,2026-04-29,36.7,26.8,31.3,1.4,24.0,9.2,29.2
Ho Chi Minh City,10.82,106.63,2026-04-30,36.9,27.9,31.7,0.6,23.82,15.1,34.6
Ho Chi Minh City,10.82,106.63,2026-05-01,39.4,27.8,31.8,0.5,24.8,18.5,46.1
Ho Chi Minh City,10.82,106.63,2026-05-02,36.4,27.8,30.6,4.0,19.79,14.8,38.2
Ho Chi Minh City,10.82,106.63,2026-05-03,34.3,27.1,29.9,0.1,21.55,12.8,31.7
Ho Chi Minh City,10.82,106.63,2026-05-04,35.2,24.0,29.8,6.9,22.47,13.0,34.2
Ho Chi Minh City,10.82,106.63,2026-05-05,35.5,27.1,29.8,8.0,20.67,11.7,32.4
Ho Chi Minh City,10.82,106.63,2026-05-06,35.0,26.3,29.5,1.8,18.54,13.1,37.4
Ho Chi Minh City,10.82,106.63,2026-05-07,36.2,27.0,30.8,0.1,24.79,13.4,32.4
Ho Chi Minh City,10.82,106.63,2026-05-08,35.8,27.6,31.1,1.6,21.95,11.0,31.3
Ho Chi Minh City,10.82,106.63,2026-05-09,37.7,27.1,31.3,0.5,24.41,14.0,35.3
Ho Chi Minh City,10.82,106.63,2026-05-10,38.5,28.3,31.9,4.1,21.32,15.6,43.6
Ho Chi Minh City,10.82,106.63,2026-05-11,37.9,26.0,31.6,0.4,24.33,16.3,41.0
Ho Chi Minh City,10.82,106.63,2026-05-12,37.4,28.2,31.5,0.0,24.11,15.7,38.2
Ho Chi Minh City,10.82,106.63,2026-05-13,36.6,27.8,31.7,0.5,24.51,15.8,35.6
Ho Chi Minh City,10.82,106.63,2026-05-14,37.5,27.6,32.0,1.9,23.74,15.5,39.2
Ho Chi Minh City,10.82,106.63,2026-05-15,37.3,28.1,32.0,5.8,23.42,12.9,32.4
Ho Chi Minh City,10.82,106.63,2026-05-16,35.8,27.5,31.0,14.9,19.92,7.9,25.2
Ho Chi Minh City,10.82,106.63,2026-05-17,35.8,26.1,29.7,8.8,22.44,12.9,41.8
Ho Chi Minh City,10.82,106.63,2026-05-18,34.7,26.5,29.4,4.7,20.37,15.7,37.1
Ho Chi Minh City,10.82,106.63,2026-05-19,33.0,26.6,29.2,7.9,19.73,13.0,40.3
Ho Chi Minh City,10.82,106.63,2026-05-20,34.0,27.4,29.6,2.5,20.42,13.8,33.5
Ho Chi Minh City,10.82,106.63,2026-05-21,31.6,25.1,28.5,23.2,19.96,14.6,36.4
Ho Chi Minh City,10.82,106.63,2026-05-22,34.2,26.5,29.7,1.2,23.84,9.9,26.6
Ho Chi Minh City,10.82,106.63,2026-05-23,35.0,26.4,30.1,0.6,24.8,10.6,22.0
Ho Chi Minh City,10.82,106.63,2026-05-24,35.2,27.1,30.2,1.2,23.39,7.7,22.7
Ho Chi Minh City,10.82,106.63,2026-05-25,35.7,26.9,30.4,0.9,24.25,11.1,31.3
Ho Chi Minh City,10.82,106.63,2026-05-26,35.0,27.0,30.3,4.6,21.96,12.3,33.1
Ho Chi Minh City,10.82,106.63,2026-05-27,34.3,27.4,30.5,0.6,17.24,13.2,40.0
Ho Chi Minh City,10.82,106.63,2026-05-28,33.6,24.6,29.1,7.6,14.8,11.7,24.1
Ho Chi Minh City,10.82,106.63,2026-05-29,27.1,24.5,26.0,21.6,6.26,9.2,36.4
Ho Chi Minh City,10.82,106.63,2026-05-30,30.5,25.3,27.2,0.8,10.78,11.1,24.1
Ho Chi Minh City,10.82,106.63,2026-05-31,28.8,24.0,26.1,4.7,9.99,9.2,23.4
Ho Chi Minh City,10.82,106.63,2026-06-01,30.3,24.9,27.3,0.6,12.94,9.2,18.7
Ho Chi Minh City,10.82,106.63,2026-06-02,31.4,24.5,27.1,4.4,12.94,12.2,31.0
Ho Chi Minh City,10.82,106.63,2026-06-03,30.5,24.2,26.8,10.2,15.3,15.5,40.3
Ho Chi Minh City,10.82,106.63,2026-06-04,31.4,25.2,27.8,10.6,17.38,20.7,50.4
Ho Chi Minh City,10.82,106.63,2026-06-05,32.7,25.9,29.0,4.7,19.8,12.9,36.4
Ho Chi Minh City,10.82,106.63,2026-06-06,34.0,26.5,29.2,3.5,22.74,14.4,43.2
Ho Chi Minh City,10.82,106.63,2026-06-07,34.4,26.4,29.7,0.7,24.53,13.8,34.6
Ho Chi Minh City,10.82,106.63,2026-06-08,33.5,26.5,28.8,6.8,21.24,19.1,47.5
Ho Chi Minh City,10.82,106.63,2026-06-09,33.4,24.9,28.5,8.4,20.89,13.5,36.0
Ho Chi Minh City,10.82,106.63,2026-06-10,32.0,25.1,28.3,6.0,18.99,12.0,35.6
Ho Chi Minh City,10.82,106.63,2026-06-11,34.4,23.8,28.3,28.1,22.45,10.2,24.5
Ho Chi Minh City,10.82,106.63,2026-06-12,33.1,25.4,28.1,7.7,21.3,9.4,23.0
Ho Chi Minh City,10.82,106.63,2026-06-13,34.0,25.2,28.6,12.3,23.83,11.2,24.5
Ho Chi Minh City,10.82,106.63,2026-06-14,31.4,25.4,27.9,6.2,22.27,12.4,33.5
Ho Chi Minh City,10.82,106.63,2026-06-15,33.0,25.0,28.3,4.7,22.55,8.8,26.3
Ho Chi Minh City,10.82,106.63,2026-06-16,33.1,25.6,28.5,7.2,22.2,10.3,31.0
Ho Chi Minh City,10.82,106.63,2026-06-17,33.8,25.3,28.7,4.3,23.06,11.5,27.4
Ho Chi Minh City,10.82,106.63,2026-06-18,33.2,25.1,28.3,4.8,22.47,8.8,20.5
Ho Chi Minh City,10.82,106.63,2026-06-19,33.6,25.0,28.7,0.6,22.53,11.7,23.4
Ho Chi Minh City,10.82,106.63,2026-06-20,34.2,25.7,29.0,1.3,23.26,14.4,33.5
Ho Chi Minh City,10.82,106.63,2026-06-21,34.0,25.9,29.7,1.1,24.12,7.4,21.6
Ho Chi Minh City,10.82,106.63,2026-06-22,34.5,26.1,30.0,1.3,24.5,8.8,22.3
Ho Chi Minh City,10.82,106.63,2026-06-23,32.5,25.1,28.6,12.8,18.69,11.2,28.8
Hanoi,21.02,105.84,2026-01-01,23.2,16.6,19.6,4.6,8.13,18.7,38.2
Hanoi,21.02,105.84,2026-01-02,16.8,14.3,15.7,1.0,4.23,14.7,35.3
Hanoi,21.02,105.84,2026-01-03,18.5,13.7,15.9,0.0,8.3,8.6,19.1
Hanoi,21.02,105.84,2026-01-04,21.6,14.6,17.4,0.3,8.48,13.5,25.9
Hanoi,21.02,105.84,2026-01-05,17.1,14.2,15.7,1.3,4.25,18.9,40.0
Hanoi,21.02,105.84,2026-01-06,14.7,13.1,13.8,0.0,4.05,15.5,33.1
Hanoi,21.02,105.84,2026-01-07,18.8,10.4,14.6,0.0,16.47,11.8,28.1
Hanoi,21.02,105.84,2026-01-08,19.8,10.6,14.8,0.0,16.62,8.1,22.0
Hanoi,21.02,105.84,2026-01-09,20.5,9.8,15.1,0.0,16.66,11.0,20.9
Hanoi,21.02,105.84,2026-01-10,21.6,10.6,15.8,0.0,16.83,7.9,19.1
Hanoi,21.02,105.84,2026-01-11,22.5,12.4,16.9,0.0,16.75,10.4,22.3
Hanoi,21.02,105.84,2026-01-12,22.6,12.9,17.5,0.0,11.52,10.7,20.2
Hanoi,21.02,105.84,2026-01-13,23.8,13.1,18.2,0.0,16.66,13.6,25.9
Hanoi,21.02,105.84,2026-01-14,25.3,14.4,19.3,0.0,12.82,14.8,28.8
Hanoi,21.02,105.84,2026-01-15,23.0,17.3,19.8,0.0,7.87,9.5,21.2
Hanoi,21.02,105.84,2026-01-16,26.3,17.9,21.3,0.0,9.3,13.0,27.4
Hanoi,21.02,105.84,2026-01-17,23.3,19.0,20.4,3.5,9.78,13.5,29.9
Hanoi,21.02,105.84,2026-01-18,26.7,18.0,21.0,0.7,10.61,15.4,35.3
Hanoi,21.02,105.84,2026-01-19,26.5,18.7,21.7,0.4,10.88,15.7,33.5
Hanoi,21.02,105.84,2026-01-20,25.6,19.6,21.9,2.6,13.39,16.3,34.2
Hanoi,21.02,105.84,2026-01-21,20.2,12.8,16.5,5.6,5.48,17.8,37.8
Hanoi,21.02,105.84,2026-01-22,12.2,9.6,11.1,1.7,3.83,16.2,35.6
Hanoi,21.02,105.84,2026-01-23,16.0,9.8,12.3,0.0,10.05,9.1,20.2
Hanoi,21.02,105.84,2026-01-24,15.9,11.9,13.6,0.0,5.73,7.4,15.5
Hanoi,21.02,105.84,2026-01-25,22.6,13.8,17.3,0.0,7.16,10.3,19.4
Hanoi,21.02,105.84,2026-01-26,22.0,16.5,18.6,3.5,7.62,10.5,19.1
Hanoi,21.02,105.84,2026-01-27,23.6,17.1,19.8,0.2,10.42,10.1,19.8
Hanoi,21.02,105.84,2026-01-28,24.0,15.4,19.1,0.0,14.08,16.2,30.6
Hanoi,21.02,105.84,2026-01-29,25.0,16.1,20.0,0.0,10.05,16.8,36.7
Hanoi,21.02,105.84,2026-01-30,25.4,18.5,21.4,1.1,12.38,15.1,31.7
Hanoi,21.02,105.84,2026-01-31,21.1,16.9,19.0,0.4,7.05,18.6,39.2
Hanoi,21.02,105.84,2026-02-01,20.5,15.5,17.6,0.0,9.24,9.7,19.8
Hanoi,21.02,105.84,2026-02-02,18.3,14.1,16.1,0.3,6.05,11.6,22.7
Hanoi,21.02,105.84,2026-02-03,21.7,12.2,17.0,0.0,11.74,9.4,19.1
Hanoi,21.02,105.84,2026-02-04,23.9,15.2,18.9,0.2,8.25,13.2,25.2
Hanoi,21.02,105.84,2026-02-05,26.3,17.6,21.0,0.3,7.79,12.7,28.1
Hanoi,21.02,105.84,2026-02-06,26.5,20.6,22.7,0.4,10.35,14.4,29.2
Hanoi,21.02,105.84,2026-02-07,25.0,20.1,22.1,1.9,10.11,15.5,34.9
Hanoi,21.02,105.84,2026-02-08,20.1,12.2,15.2,16.0,2.42,24.0,44.3
Hanoi,21.02,105.84,2026-02-09,16.8,11.8,13.4,5.2,5.96,11.0,20.5
Hanoi,21.02,105.84,2026-02-10,22.2,13.3,17.4,0.1,9.78,9.5,22.7
Hanoi,21.02,105.84,2026-02-11,19.5,17.3,18.2,4.1,5.01,10.8,22.7
Hanoi,21.02,105.84,2026-02-12,23.3,17.1,19.5,0.4,7.07,12.5,27.4
Hanoi,21.02,105.84,2026-02-13,24.9,18.5,21.6,1.0,7.38,14.1,27.0
Hanoi,21.02,105.84,2026-02-14,25.6,20.0,22.3,0.2,11.08,15.5,29.9
Hanoi,21.02,105.84,2026-02-15,28.2,19.9,23.0,0.0,16.06,15.7,32.0
Hanoi,21.02,105.84,2026-02-16,27.9,20.7,23.3,0.1,14.31,14.6,27.7
Hanoi,21.02,105.84,2026-02-17,25.1,19.6,22.3,1.4,11.67,13.1,29.9
Hanoi,21.02,105.84,2026-02-18,20.9,17.0,19.0,1.3,5.35,12.4,22.3
Hanoi,21.02,105.84,2026-02-19,21.9,17.5,19.4,1.5,6.27,10.1,20.2
Hanoi,21.02,105.84,2026-02-20,23.6,16.7,19.8,0.7,14.07,13.5,27.0
Hanoi,21.02,105.84,2026-02-21,27.8,18.0,21.5,0.1,11.96,16.5,32.0
Hanoi,21.02,105.84,2026-02-22,24.9,20.2,22.0,2.1,4.47,14.3,28.4
Hanoi,21.02,105.84,2026-02-23,26.0,21.0,23.2,0.4,7.79,16.3,36.4
Hanoi,21.02,105.84,2026-02-24,24.8,21.9,23.1,0.7,4.44,14.5,28.1
Hanoi,21.02,105.84,2026-02-25,26.7,21.0,23.2,23.0,9.53,13.5,28.4
Hanoi,21.02,105.84,2026-02-26,24.7,20.6,22.1,3.2,6.32,13.6,26.3
Hanoi,21.02,105.84,2026-02-27,28.4,19.9,23.7,0.1,14.05,16.8,32.8
Hanoi,21.02,105.84,2026-02-28,29.4,22.9,25.4,1.1,12.7,16.1,36.0
Hanoi,21.02,105.84,2026-03-01,30.8,22.5,26.0,0.5,14.9,15.8,33.5
Hanoi,21.02,105.84,2026-03-02,30.5,23.5,26.2,1.6,12.78,13.8,29.2
Hanoi,21.02,105.84,2026-03-03,24.8,19.5,21.7,7.0,11.41,18.1,38.5
Hanoi,21.02,105.84,2026-03-04,22.1,17.4,19.5,0.1,12.6,14.0,27.7
Hanoi,21.02,105.84,2026-03-05,23.0,16.4,19.9,0.0,10.77,7.9,20.9
Hanoi,21.02,105.84,2026-03-06,24.6,19.0,21.3,0.0,10.82,13.7,26.6
Hanoi,21.02,105.84,2026-03-07,24.4,19.1,21.3,0.0,9.84,15.1,33.1
Hanoi,21.02,105.84,2026-03-08,24.9,19.2,21.7,1.8,8.19,16.7,36.4
Hanoi,21.02,105.84,2026-03-09,23.2,17.6,19.9,5.0,4.23,25.2,49.0
Hanoi,21.02,105.84,2026-03-10,21.9,16.2,18.7,0.0,18.31,16.7,36.4
Hanoi,21.02,105.84,2026-03-11,21.8,15.8,18.7,0.1,10.85,7.1,18.7
Hanoi,21.02,105.84,2026-03-12,24.5,18.0,20.4,0.1,13.53,10.8,23.0
Hanoi,21.02,105.84,2026-03-13,24.8,16.8,20.5,0.1,16.71,14.4,33.5
Hanoi,21.02,105.84,2026-03-14,23.5,18.9,20.8,0.3,8.82,13.9,32.4
Hanoi,21.02,105.84,2026-03-15,24.5,18.8,21.4,0.4,12.92,14.4,30.6
Hanoi,21.02,105.84,2026-03-16,26.1,19.3,22.3,1.0,14.84,16.5,38.2
Hanoi,21.02,105.84,2026-03-17,26.8,20.1,23.1,0.0,14.46,21.3,44.6
Hanoi,21.02,105.84,2026-03-18,27.0,20.6,23.7,0.0,12.12,16.5,33.5
Hanoi,21.02,105.84,2026-03-19,28.5,21.6,24.3,0.0,13.6,18.5,41.0
Hanoi,21.02,105.84,2026-03-20,27.3,22.0,24.3,0.4,8.96,17.7,38.9
Hanoi,21.02,105.84,2026-03-21,25.7,21.6,23.8,0.3,6.62,18.2,38.9
Hanoi,21.02,105.84,2026-03-22,28.6,21.5,24.5,0.6,12.81,18.7,39.6
Hanoi,21.02,105.84,2026-03-23,29.0,21.9,24.8,0.5,11.48,18.6,40.0
Hanoi,21.02,105.84,2026-03-24,29.5,23.0,25.4,0.6,12.76,16.3,36.7
Hanoi,21.02,105.84,2026-03-25,28.9,23.6,25.6,0.2,12.46,18.2,41.8
Hanoi,21.02,105.84,2026-03-26,30.4,23.4,26.3,0.2,12.53,16.3,33.1
Hanoi,21.02,105.84,2026-03-27,29.4,23.2,25.9,1.3,9.81,16.7,34.2
Hanoi,21.02,105.84,2026-03-28,30.0,23.8,26.2,0.4,10.48,14.8,31.0
Hanoi,21.02,105.84,2026-03-29,30.9,23.8,26.7,3.8,15.71,23.4,50.4
Hanoi,21.02,105.84,2026-03-30,33.0,23.6,28.0,0.0,16.82,19.2,37.8
Hanoi,21.02,105.84,2026-03-31,36.8,24.5,29.4,0.0,19.75,25.4,67.0
Hanoi,21.02,105.84,2026-04-01,27.9,22.4,25.0,0.2,13.13,16.2,33.5
Hanoi,21.02,105.84,2026-04-02,30.6,22.0,25.3,0.3,11.22,17.7,35.6
Hanoi,21.02,105.84,2026-04-03,33.2,24.2,28.0,0.1,17.33,13.2,25.2
Hanoi,21.02,105.84,2026-04-04,31.2,24.2,26.9,0.0,13.84,17.5,37.1
Hanoi,21.02,105.84,2026-04-05,33.2,23.2,27.7,0.1,17.17,18.0,35.3
Hanoi,21.02,105.84,2026-04-06,39.0,24.1,30.7,0.0,20.26,11.5,25.6
Hanoi,21.02,105.84,2026-04-07,37.2,25.5,30.9,0.0,20.16,12.5,29.9
Hanoi,21.02,105.84,2026-04-08,35.0,26.2,30.0,0.0,19.3,16.7,33.1
Hanoi,21.02,105.84,2026-04-09,34.8,25.5,29.5,0.1,20.06,17.7,32.8
Hanoi,21.02,105.84,2026-04-10,35.7,25.3,29.7,0.0,20.8,13.4,28.4
Hanoi,21.02,105.84,2026-04-11,38.0,24.5,30.3,0.0,19.89,13.1,24.8
Hanoi,21.02,105.84,2026-04-12,37.0,24.3,29.8,0.0,20.98,12.5,24.5
Hanoi,21.02,105.84,2026-04-13,34.5,25.1,29.5,0.0,20.8,14.9,31.0
Hanoi,21.02,105.84,2026-04-14,34.0,25.7,29.2,0.0,19.7,15.6,31.0
Hanoi,21.02,105.84,2026-04-15,34.3,26.0,29.1,0.2,17.14,18.0,38.2
Hanoi,21.02,105.84,2026-04-16,32.9,26.0,28.8,0.3,16.13,17.6,36.4
Hanoi,21.02,105.84,2026-04-17,27.8,23.5,25.9,45.6,9.33,19.0,39.6
Hanoi,21.02,105.84,2026-04-18,28.5,22.6,25.2,8.4,14.43,12.4,27.7
Hanoi,21.02,105.84,2026-04-19,29.5,24.1,25.8,2.3,12.05,15.6,35.3
Hanoi,21.02,105.84,2026-04-20,28.5,23.5,26.0,0.2,11.26,16.6,37.1
Hanoi,21.02,105.84,2026-04-21,32.6,25.0,27.7,0.1,16.85,20.5,42.5
Hanoi,21.02,105.84,2026-04-22,34.5,25.0,28.9,0.6,20.65,21.0,40.0
Hanoi,21.02,105.84,2026-04-23,27.2,22.9,24.9,29.0,13.86,22.4,52.9
Hanoi,21.02,105.84,2026-04-24,27.9,22.5,24.7,9.2,11.13,9.4,23.0
Hanoi,21.02,105.84,2026-04-25,29.5,22.9,25.8,0.4,19.93,11.9,24.5
Hanoi,21.02,105.84,2026-04-26,29.5,23.2,25.6,1.1,17.04,13.0,30.2
Hanoi,21.02,105.84,2026-04-27,31.9,23.5,26.7,0.2,20.06,18.1,38.9
Hanoi,21.02,105.84,2026-04-28,32.3,24.5,27.6,0.0,18.9,13.9,32.0
Hanoi,21.02,105.84,2026-04-29,28.5,22.4,24.9,19.1,15.55,21.5,52.9
Hanoi,21.02,105.84,2026-04-30,26.4,20.4,23.4,0.0,20.92,11.2,21.2
Hanoi,21.02,105.84,2026-05-01,28.2,21.0,24.3,0.0,15.52,15.1,34.6
Hanoi,21.02,105.84,2026-05-02,32.0,22.9,25.8,5.3,15.71,15.4,36.7
Hanoi,21.02,105.84,2026-05-03,28.0,22.0,25.0,25.5,10.32,15.7,39.6
Hanoi,21.02,105.84,2026-05-04,27.5,19.8,23.4,12.1,16.8,16.2,31.3
Hanoi,21.02,105.84,2026-05-05,29.6,21.7,25.4,0.0,19.78,14.4,29.2
Hanoi,21.02,105.84,2026-05-06,31.0,23.6,26.9,0.3,18.35,17.7,37.8
Hanoi,21.02,105.84,2026-05-07,30.5,24.6,26.8,16.6,15.49,13.6,28.4
Hanoi,21.02,105.84,2026-05-08,28.9,23.0,25.9,27.2,15.08,12.8,28.4
Hanoi,21.02,105.84,2026-05-09,27.2,23.8,25.1,5.6,12.44,11.2,23.0
Hanoi,21.02,105.84,2026-05-10,28.0,23.0,24.7,0.2,11.67,9.8,19.4
Hanoi,21.02,105.84,2026-05-11,31.0,23.0,26.8,0.7,20.24,11.3,24.5
Hanoi,21.02,105.84,2026-05-12,31.7,25.0,27.7,2.0,20.44,16.4,33.1
Hanoi,21.02,105.84,2026-05-13,32.8,26.0,28.8,0.9,22.7,18.2,44.3
Hanoi,21.02,105.84,2026-05-14,35.2,26.1,30.6,0.0,22.26,14.7,28.4
Hanoi,21.02,105.84,2026-05-15,34.0,26.9,30.6,0.0,21.31,13.2,25.9
Hanoi,21.02,105.84,2026-05-16,33.0,25.1,28.4,42.0,16.19,13.5,35.3
Hanoi,21.02,105.84,2026-05-17,29.8,25.2,27.0,23.5,14.43,13.8,28.8
Hanoi,21.02,105.84,2026-05-18,31.5,25.0,27.1,13.9,15.43,13.8,30.2
Hanoi,21.02,105.84,2026-05-19,30.5,24.5,27.5,24.9,14.98,15.4,33.5
Hanoi,21.02,105.84,2026-05-20,30.3,25.0,27.3,19.3,14.32,14.3,28.8
Hanoi,21.02,105.84,2026-05-21,29.6,25.9,27.2,30.6,11.15,14.3,34.9
Hanoi,21.02,105.84,2026-05-22,32.6,27.0,29.5,1.4,17.55,16.6,34.9
Hanoi,21.02,105.84,2026-05-23,35.7,27.6,31.3,0.0,23.68,18.5,35.6
Hanoi,21.02,105.84,2026-05-24,36.4,27.9,31.7,0.0,24.4,17.7,37.4
Hanoi,21.02,105.84,2026-05-25,37.2,28.9,32.5,0.0,25.17,15.8,32.8
Hanoi,21.02,105.84,2026-05-26,37.7,29.1,33.1,0.0,25.77,16.4,31.0
Hanoi,21.02,105.84,2026-05-27,37.2,28.9,32.8,0.1,25.56,15.1,32.4
Hanoi,21.02,105.84,2026-05-28,35.8,27.5,30.8,31.3,24.23,10.5,24.8
Hanoi,21.02,105.84,2026-05-29,31.0,27.2,28.9,4.9,18.55,11.6,27.7
Hanoi,21.02,105.84,2026-05-30,32.0,24.5,28.1,7.0,21.41,10.2,25.6
Hanoi,21.02,105.84,2026-05-31,33.3,26.0,29.4,0.6,24.9,14.0,27.4
Hanoi,21.02,105.84,2026-06-01,34.2,27.0,30.6,0.6,25.36,14.0,29.5
Hanoi,21.02,105.84,2026-06-02,34.8,27.9,31.0,0.3,22.85,15.8,34.2
Hanoi,21.02,105.84,2026-06-03,36.0,28.2,31.1,0.9,21.75,13.8,44.6
Hanoi,21.02,105.84,2026-06-04,36.0,27.5,30.2,4.6,22.87,25.5,55.1
Hanoi,21.02,105.84,2026-06-05,31.3,24.6,28.1,2.6,13.73,9.5,20.2
Hanoi,21.02,105.84,2026-06-06,34.6,27.5,30.6,1.6,19.18,17.1,35.3
Hanoi,21.02,105.84,2026-06-07,35.5,28.5,31.8,0.1,23.16,13.5,34.9
Hanoi,21.02,105.84,2026-06-08,35.8,26.0,30.6,4.3,21.54,20.4,41.0
Hanoi,21.02,105.84,2026-06-09,27.9,24.0,25.9,9.2,15.63,15.6,37.8
Hanoi,21.02,105.84,2026-06-10,30.0,24.3,27.1,0.0,18.6,9.1,23.8
Hanoi,21.02,105.84,2026-06-11,29.4,25.0,27.0,3.2,15.51,7.1,17.6
Hanoi,21.02,105.84,2026-06-12,32.0,25.4,28.2,12.1,20.14,13.6,26.6
Hanoi,21.02,105.84,2026-06-13,34.4,27.5,30.5,0.0,22.12,13.7,30.2
Hanoi,21.02,105.84,2026-06-14,35.4,28.4,31.7,0.0,19.94,10.5,27.4
Hanoi,21.02,105.84,2026-06-15,35.7,28.2,31.2,5.6,15.53,15.4,39.6
Hanoi,21.02,105.84,2026-06-16,33.2,26.5,29.5,7.3,16.12,10.7,32.0
Hanoi,21.02,105.84,2026-06-17,33.8,26.9,29.5,7.6,17.81,14.2,30.6
Hanoi,21.02,105.84,2026-06-18,34.2,27.6,30.5,0.7,15.46,15.7,31.3
Hanoi,21.02,105.84,2026-06-19,33.8,28.0,31.1,0.6,15.82,15.1,31.3
Hanoi,21.02,105.84,2026-06-20,35.5,28.0,31.3,2.3,18.45,16.6,34.2
Hanoi,21.02,105.84,2026-06-21,35.5,27.4,31.0,0.3,23.01,12.1,30.6
Hanoi,21.02,105.84,2026-06-22,33.1,27.6,30.1,0.7,12.03,14.9,30.6
Hanoi,21.02,105.84,2026-06-23,37.3,27.9,32.4,0.7,24.6,13.9,33.5
Da Nang,16.07,108.22,2026-01-01,25.8,18.0,22.0,0.0,17.56,11.1,27.0
Da Nang,16.07,108.22,2026-01-02,24.5,19.8,22.1,4.9,15.42,21.4,48.2
Da Nang,16.07,108.22,2026-01-03,23.8,19.9,21.8,7.3,14.05,22.0,50.0
Da Nang,16.07,108.22,2026-01-04,24.1,18.6,21.5,1.9,14.05,13.9,33.1
Da Nang,16.07,108.22,2026-01-05,25.0,20.4,22.1,2.2,14.89,17.2,39.6
Da Nang,16.07,108.22,2026-01-06,23.7,19.9,21.3,2.4,10.11,19.6,45.0
Da Nang,16.07,108.22,2026-01-07,20.5,18.3,19.3,11.7,4.14,16.6,34.9
Da Nang,16.07,108.22,2026-01-08,21.7,17.7,19.3,4.1,13.57,22.4,50.4
Da Nang,16.07,108.22,2026-01-09,22.1,16.8,19.2,0.6,18.28,15.5,37.8
Da Nang,16.07,108.22,2026-01-10,22.5,17.0,19.5,0.1,13.28,9.2,25.9
Da Nang,16.07,108.22,2026-01-11,23.4,18.0,20.5,0.0,18.44,16.2,37.1
Da Nang,16.07,108.22,2026-01-12,23.5,15.9,20.1,0.0,13.91,11.4,26.3
Da Nang,16.07,108.22,2026-01-13,24.1,18.0,20.7,0.0,16.84,14.7,34.6
Da Nang,16.07,108.22,2026-01-14,23.9,17.7,20.8,0.2,14.82,10.2,25.6
Da Nang,16.07,108.22,2026-01-15,24.9,19.0,21.7,0.0,16.67,12.1,29.9
Da Nang,16.07,108.22,2026-01-16,26.1,17.9,21.9,0.0,19.77,14.3,34.6
Da Nang,16.07,108.22,2026-01-17,25.0,18.9,22.0,0.0,17.83,11.9,31.3
Da Nang,16.07,108.22,2026-01-18,25.5,18.5,21.8,0.1,18.33,12.5,31.3
Da Nang,16.07,108.22,2026-01-19,26.5,18.5,22.1,0.0,20.15,11.5,29.5
Da Nang,16.07,108.22,2026-01-20,25.5,18.8,22.1,0.6,18.9,11.4,30.2
Da Nang,16.07,108.22,2026-01-21,25.4,18.5,21.9,1.2,17.28,16.6,40.0
Da Nang,16.07,108.22,2026-01-22,24.5,19.3,21.6,3.4,12.86,16.3,38.2
Da Nang,16.07,108.22,2026-01-23,23.7,19.4,21.5,3.9,11.2,15.5,37.1
Da Nang,16.07,108.22,2026-01-24,24.1,19.2,21.5,2.8,17.15,10.5,27.4
Da Nang,16.07,108.22,2026-01-25,24.5,18.1,21.0,0.4,17.88,11.7,30.2
Da Nang,16.07,108.22,2026-01-26,25.3,19.0,22.0,1.3,18.54,12.4,31.7
Da Nang,16.07,108.22,2026-01-27,25.3,19.2,21.8,2.3,14.17,10.2,27.0
Da Nang,16.07,108.22,2026-01-28,24.2,19.6,21.6,3.2,14.52,12.6,32.4
Da Nang,16.07,108.22,2026-01-29,24.8,19.2,21.9,1.0,18.85,9.2,24.5
Da Nang,16.07,108.22,2026-01-30,26.1,17.9,22.1,0.2,19.33,12.4,31.7
Da Nang,16.07,108.22,2026-01-31,25.8,19.5,22.7,0.1,19.53,12.7,33.5
Da Nang,16.07,108.22,2026-02-01,22.9,20.1,21.3,5.1,8.82,13.5,33.8
Da Nang,16.07,108.22,2026-02-02,22.6,19.5,21.3,8.2,9.22,18.9,45.0
Da Nang,16.07,108.22,2026-02-03,24.5,19.9,21.9,1.1,14.16,18.6,44.6
Da Nang,16.07,108.22,2026-02-04,25.0,19.2,22.0,0.6,18.4,11.9,29.2
Da Nang,16.07,108.22,2026-02-05,27.0,19.4,22.6,0.0,19.76,17.5,41.4
Da Nang,16.07,108.22,2026-02-06,26.1,20.0,22.9,0.0,19.26,14.9,37.8
Da Nang,16.07,108.22,2026-02-07,26.4,21.0,23.5,0.1,19.97,10.1,29.2
Da Nang,16.07,108.22,2026-02-08,25.2,21.1,22.9,3.2,15.35,19.1,43.6
Da Nang,16.07,108.22,2026-02-09,24.0,20.1,22.2,8.2,15.27,18.1,42.1
Da Nang,16.07,108.22,2026-02-10,25.3,19.7,22.6,1.0,19.76,12.8,32.0
Da Nang,16.07,108.22,2026-02-11,25.5,19.4,22.6,0.7,17.24,12.8,32.4
Da Nang,16.07,108.22,2026-02-12,25.3,21.1,22.9,1.2,19.53,12.9,32.8
Da Nang,16.07,108.22,2026-02-13,26.2,20.1,22.8,0.1,20.73,12.8,33.8
Da Nang,16.07,108.22,2026-02-14,26.2,19.8,22.8,0.1,20.23,11.7,31.7
Da Nang,16.07,108.22,2026-02-15,27.0,19.0,22.9,0.0,20.37,12.7,34.2
Da Nang,16.07,108.22,2026-02-16,27.5,21.8,24.3,0.0,18.11,13.0,33.8
Da Nang,16.07,108.22,2026-02-17,27.0,22.8,24.5,4.6,18.25,14.7,36.7
Da Nang,16.07,108.22,2026-02-18,25.1,22.4,23.7,3.2,12.24,21.1,47.9
Da Nang,16.07,108.22,2026-02-19,25.5,21.7,23.7,2.3,18.78,18.0,42.5
Da Nang,16.07,108.22,2026-02-20,25.8,21.6,23.4,0.9,19.08,14.4,36.0
Da Nang,16.07,108.22,2026-02-21,26.4,18.9,22.9,0.1,21.84,15.7,36.7
Da Nang,16.07,108.22,2026-02-22,26.8,20.2,23.7,0.0,21.65,16.6,42.1
Da Nang,16.07,108.22,2026-02-23,28.0,23.2,24.9,0.1,20.37,16.7,41.8
Da Nang,16.07,108.22,2026-02-24,27.5,22.6,24.5,0.0,19.2,16.6,41.4
Da Nang,16.07,108.22,2026-02-25,27.5,21.5,24.1,0.0,22.48,13.9,36.0
Da Nang,16.07,108.22,2026-02-26,27.6,23.2,25.0,0.3,14.61,14.2,36.4
Da Nang,16.07,108.22,2026-02-27,27.1,23.7,24.9,8.5,7.27,11.4,26.3
Da Nang,16.07,108.22,2026-02-28,29.3,22.8,25.5,0.0,21.02,14.0,34.2
Da Nang,16.07,108.22,2026-03-01,29.9,23.5,26.2,0.0,20.61,13.7,32.8
Da Nang,16.07,108.22,2026-03-02,30.4,23.9,26.7,0.0,20.11,13.6,34.2
Da Nang,16.07,108.22,2026-03-03,31.5,24.5,26.5,6.2,17.64,13.7,38.2
Da Nang,16.07,108.22,2026-03-04,27.2,23.1,24.7,9.6,16.99,20.1,46.8
Da Nang,16.07,108.22,2026-03-05,25.8,22.6,23.8,2.0,15.18,13.3,33.5
Da Nang,16.07,108.22,2026-03-06,24.9,22.0,23.5,10.0,10.12,14.9,36.0
Da Nang,16.07,108.22,2026-03-07,26.1,22.0,24.0,1.9,20.88,14.6,34.9
Da Nang,16.07,108.22,2026-03-08,26.8,21.2,23.6,3.4,20.95,14.2,35.3
Da Nang,16.07,108.22,2026-03-09,26.0,21.5,23.4,11.1,17.44,18.3,42.5
Da Nang,16.07,108.22,2026-03-10,23.9,21.6,22.8,16.3,14.76,23.7,53.3
Da Nang,16.07,108.22,2026-03-11,24.9,20.8,22.5,3.6,17.61,11.6,31.0
Da Nang,16.07,108.22,2026-03-12,24.6,21.0,22.4,7.0,10.1,15.6,39.2
Da Nang,16.07,108.22,2026-03-13,24.6,21.5,22.6,15.3,10.85,15.5,34.9
Da Nang,16.07,108.22,2026-03-14,24.9,21.1,22.9,6.7,7.95,19.7,41.0
Da Nang,16.07,108.22,2026-03-15,25.5,20.2,22.7,1.6,17.51,15.4,36.4
Da Nang,16.07,108.22,2026-03-16,25.5,20.2,22.9,2.8,18.49,9.7,25.6
Da Nang,16.07,108.22,2026-03-17,26.9,20.2,23.6,0.0,20.22,12.4,30.6
Da Nang,16.07,108.22,2026-03-18,26.8,21.2,23.8,0.0,22.45,13.8,34.2
Da Nang,16.07,108.22,2026-03-19,26.9,20.5,23.7,0.0,22.99,13.0,34.9
Da Nang,16.07,108.22,2026-03-20,27.2,20.8,24.1,0.0,22.17,17.5,41.8
Da Nang,16.07,108.22,2026-03-21,27.5,20.7,24.3,0.3,20.66,15.1,37.1
Da Nang,16.07,108.22,2026-03-22,27.5,23.0,24.8,0.0,21.6,17.2,40.3
Da Nang,16.07,108.22,2026-03-23,27.8,23.0,24.8,0.0,23.41,17.0,41.4
Da Nang,16.07,108.22,2026-03-24,28.0,20.9,24.4,0.0,23.71,15.5,40.7
Da Nang,16.07,108.22,2026-03-25,28.5,21.6,24.6,0.1,22.01,15.4,41.0
Da Nang,16.07,108.22,2026-03-26,28.6,22.8,25.3,0.0,24.19,14.5,39.6
Da Nang,16.07,108.22,2026-03-27,30.0,21.8,25.5,0.0,23.46,15.2,37.8
Da Nang,16.07,108.22,2026-03-28,30.6,22.5,25.9,0.0,23.48,16.0,42.1
Da Nang,16.07,108.22,2026-03-29,30.9,23.1,26.3,0.0,24.42,14.7,39.2
Da Nang,16.07,108.22,2026-03-30,31.7,24.0,27.1,0.0,23.64,16.5,42.8
Da Nang,16.07,108.22,2026-03-31,35.4,23.5,27.9,0.0,23.88,15.4,37.4
Da Nang,16.07,108.22,2026-04-01,32.2,24.2,27.4,0.0,23.92,11.5,32.4
Da Nang,16.07,108.22,2026-04-02,31.5,24.2,27.4,0.0,24.3,20.5,47.5
Da Nang,16.07,108.22,2026-04-03,32.0,24.3,27.5,0.0,23.59,16.9,43.2
Da Nang,16.07,108.22,2026-04-04,38.2,24.5,29.7,0.0,23.8,13.8,33.8
Da Nang,16.07,108.22,2026-04-05,36.8,24.8,29.4,0.0,24.19,14.5,38.9
Da Nang,16.07,108.22,2026-04-06,38.9,25.1,30.1,0.0,24.41,16.1,40.0
Da Nang,16.07,108.22,2026-04-07,39.6,25.0,30.8,0.0,24.59,13.2,37.1
Da Nang,16.07,108.22,2026-04-08,35.3,25.5,29.2,0.0,24.32,15.7,38.9
Da Nang,16.07,108.22,2026-04-09,34.4,24.9,28.4,0.0,24.09,16.2,40.7
Da Nang,16.07,108.22,2026-04-10,38.2,25.4,29.9,0.0,24.16,15.4,40.0
Da Nang,16.07,108.22,2026-04-11,37.5,26.0,30.1,0.0,24.1,13.2,36.0
Da Nang,16.07,108.22,2026-04-12,37.1,26.0,30.2,0.0,25.05,17.5,42.8
Da Nang,16.07,108.22,2026-04-13,36.5,25.8,29.5,0.0,24.18,15.7,40.7
Da Nang,16.07,108.22,2026-04-14,34.6,26.1,29.0,0.0,23.19,17.3,43.2
Da Nang,16.07,108.22,2026-04-15,32.5,25.8,28.5,0.0,24.22,19.1,47.2
Da Nang,16.07,108.22,2026-04-16,31.8,25.5,28.1,0.0,21.34,15.4,42.5
Da Nang,16.07,108.22,2026-04-17,31.1,25.1,27.7,0.0,19.86,21.1,50.8
Da Nang,16.07,108.22,2026-04-18,30.2,26.0,27.4,0.6,19.82,16.1,44.3
Da Nang,16.07,108.22,2026-04-19,30.9,25.0,27.2,0.3,21.33,18.9,51.1
Da Nang,16.07,108.22,2026-04-20,31.1,24.6,27.5,0.0,22.63,20.7,52.6
Da Nang,16.07,108.22,2026-04-21,32.0,24.7,27.8,0.0,24.56,20.4,50.4
Da Nang,16.07,108.22,2026-04-22,32.5,25.0,28.3,0.0,23.83,16.6,41.8
Da Nang,16.07,108.22,2026-04-23,33.1,25.5,28.7,0.0,22.93,15.9,40.7
Da Nang,16.07,108.22,2026-04-24,31.0,25.4,27.1,1.7,14.82,17.6,54.4
Da Nang,16.07,108.22,2026-04-25,29.6,25.0,26.8,0.4,19.59,16.0,40.7
Da Nang,16.07,108.22,2026-04-26,30.6,24.9,27.5,0.3,20.57,13.4,35.6
Da Nang,16.07,108.22,2026-04-27,32.3,25.4,28.1,0.0,20.21,18.9,50.8
Da Nang,16.07,108.22,2026-04-28,32.6,25.9,28.1,2.7,14.35,10.8,31.3
Da Nang,16.07,108.22,2026-04-29,33.2,25.2,28.4,0.0,22.37,17.8,46.8
Da Nang,16.07,108.22,2026-04-30,29.9,25.4,27.2,0.0,22.33,22.8,56.2
Da Nang,16.07,108.22,2026-05-01,31.8,24.8,27.3,0.0,19.54,13.9,36.7
Da Nang,16.07,108.22,2026-05-02,32.4,25.5,28.6,0.0,23.39,14.8,38.9
Da Nang,16.07,108.22,2026-05-03,33.5,25.8,29.0,0.0,23.35,17.7,42.8
Da Nang,16.07,108.22,2026-05-04,31.5,25.6,28.2,5.5,21.46,15.1,39.6
Da Nang,16.07,108.22,2026-05-05,29.6,25.0,26.9,1.4,20.38,17.3,42.1
Da Nang,16.07,108.22,2026-05-06,31.8,24.2,27.9,0.0,25.37,16.9,42.1
Da Nang,16.07,108.22,2026-05-07,32.6,25.9,29.0,0.0,25.48,18.1,44.6
Da Nang,16.07,108.22,2026-05-08,32.8,26.2,29.2,0.5,25.14,14.8,40.7
Da Nang,16.07,108.22,2026-05-09,32.0,25.9,28.8,0.3,24.99,15.5,40.0
Da Nang,16.07,108.22,2026-05-10,31.3,26.0,28.3,1.8,24.42,15.2,39.2
Da Nang,16.07,108.22,2026-05-11,32.3,26.1,28.9,0.2,25.13,15.2,38.9
Da Nang,16.07,108.22,2026-05-12,32.9,26.5,29.3,0.9,24.89,17.8,43.6
Da Nang,16.07,108.22,2026-05-13,33.4,27.2,30.2,0.1,22.66,13.5,37.1
Da Nang,16.07,108.22,2026-05-14,35.6,27.5,31.0,1.5,22.56,14.0,36.7
Da Nang,16.07,108.22,2026-05-15,37.1,27.6,31.1,3.1,22.73,10.1,36.7
Da Nang,16.07,108.22,2026-05-16,36.1,27.3,30.1,0.8,11.32,13.5,38.5
Da Nang,16.07,108.22,2026-05-17,34.2,26.8,29.3,3.4,17.96,15.4,42.1
Da Nang,16.07,108.22,2026-05-18,33.8,26.5,30.0,0.7,21.01,12.0,33.5
Da Nang,16.07,108.22,2026-05-19,34.0,26.9,30.2,0.5,19.37,16.7,41.4
Da Nang,16.07,108.22,2026-05-20,35.2,28.0,30.9,0.3,22.17,19.1,46.4
Da Nang,16.07,108.22,2026-05-21,35.0,28.6,31.1,1.1,23.91,20.0,49.3
Da Nang,16.07,108.22,2026-05-22,37.2,27.1,31.1,0.6,24.0,15.3,40.0
Da Nang,16.07,108.22,2026-05-23,36.9,27.9,31.5,0.3,25.16,17.5,42.8
Da Nang,16.07,108.22,2026-05-24,39.2,28.0,32.6,0.2,25.73,13.7,38.5
Da Nang,16.07,108.22,2026-05-25,39.0,28.4,32.8,0.8,25.75,15.2,43.2
Da Nang,16.07,108.22,2026-05-26,39.5,28.1,33.0,0.0,26.07,16.9,45.4
Da Nang,16.07,108.22,2026-05-27,38.1,28.5,32.4,0.0,26.0,15.7,40.3
Da Nang,16.07,108.22,2026-05-28,35.7,28.4,31.6,0.0,25.89,13.9,37.8
Da Nang,16.07,108.22,2026-05-29,35.2,27.7,31.0,0.0,25.64,14.6,38.2
Da Nang,16.07,108.22,2026-05-30,33.8,27.2,30.3,0.5,23.15,15.4,39.6
Da Nang,16.07,108.22,2026-05-31,33.7,28.0,30.7,0.6,25.64,12.6,36.4
Da Nang,16.07,108.22,2026-06-01,35.0,27.1,30.7,0.0,26.27,15.9,41.0
Da Nang,16.07,108.22,2026-06-02,33.7,26.5,30.3,0.0,26.57,16.9,43.6
Da Nang,16.07,108.22,2026-06-03,34.8,27.0,30.9,0.2,24.98,14.0,39.6
Da Nang,16.07,108.22,2026-06-04,38.5,28.5,32.3,1.1,25.44,15.1,44.6
Da Nang,16.07,108.22,2026-06-05,37.9,28.8,32.0,3.6,22.56,18.4,58.3
Da Nang,16.07,108.22,2026-06-06,40.2,29.6,33.8,0.9,24.03,21.6,53.3
Da Nang,16.07,108.22,2026-06-07,40.2,31.0,34.3,0.0,22.46,20.4,56.2
Da Nang,16.07,108.22,2026-06-08,39.2,31.0,34.2,0.0,19.44,21.3,51.5
Da Nang,16.07,108.22,2026-06-09,37.0,29.8,32.4,0.1,11.98,12.0,34.6
Da Nang,16.07,108.22,2026-06-10,32.0,27.0,28.9,9.6,16.08,12.6,35.3
Da Nang,16.07,108.22,2026-06-11,32.6,26.5,29.1,0.3,14.5,11.9,29.9
Da Nang,16.07,108.22,2026-06-12,35.0,27.3,31.0,0.2,24.29,16.3,40.7
Da Nang,16.07,108.22,2026-06-13,36.8,27.1,31.6,1.3,24.89,14.0,37.1
Da Nang,16.07,108.22,2026-06-14,38.3,27.1,31.5,3.9,22.5,19.5,50.4
Da Nang,16.07,108.22,2026-06-15,40.2,28.2,31.6,9.4,24.76,12.0,37.1
Da Nang,16.07,108.22,2026-06-16,38.7,27.2,31.4,4.2,24.61,12.5,34.2
Da Nang,16.07,108.22,2026-06-17,38.3,26.5,31.1,4.7,24.6,11.8,32.0
Da Nang,16.07,108.22,2026-06-18,38.1,26.8,31.7,0.7,23.69,15.7,42.1
Da Nang,16.07,108.22,2026-06-19,36.8,27.5,31.5,0.2,25.33,18.4,44.6
Da Nang,16.07,108.22,2026-06-20,36.0,27.0,31.1,0.0,26.25,14.8,41.4
Da Nang,16.07,108.22,2026-06-21,36.2,27.4,31.4,0.4,24.92,13.7,38.9
Da Nang,16.07,108.22,2026-06-22,37.2,27.6,31.9,0.2,25.76,11.6,34.6
Da Nang,16.07,108.22,2026-06-23,39.4,27.6,32.7,0.5,25.5,13.0,34.9
Can Tho,10.04,105.79,2026-01-01,28.7,21.4,25.0,0.0,19.0,12.8,27.0
Can Tho,10.04,105.79,2026-01-02,29.1,22.0,24.9,0.1,20.55,11.8,24.8
Can Tho,10.04,105.79,2026-01-03,27.8,22.0,24.4,0.0,21.64,10.0,24.5
Can Tho,10.04,105.79,2026-01-04,29.2,21.2,24.7,0.0,21.2,10.6,24.5
Can Tho,10.04,105.79,2026-01-05,28.5,22.2,25.1,0.0,11.93,8.6,16.6
Can Tho,10.04,105.79,2026-01-06,28.8,23.0,25.0,11.2,14.71,9.2,30.2
Can Tho,10.04,105.79,2026-01-07,27.1,22.8,24.7,1.0,15.22,11.1,20.5
Can Tho,10.04,105.79,2026-01-08,27.3,21.9,24.2,0.0,19.96,11.0,26.3
Can Tho,10.04,105.79,2026-01-09,26.1,20.0,22.7,0.2,22.14,12.9,29.9
Can Tho,10.04,105.79,2026-01-10,27.4,19.0,22.9,0.0,20.76,8.1,16.9
Can Tho,10.04,105.79,2026-01-11,27.7,19.5,23.5,0.0,18.2,8.1,19.4
Can Tho,10.04,105.79,2026-01-12,28.0,22.0,24.8,0.2,16.92,11.4,21.2
Can Tho,10.04,105.79,2026-01-13,28.5,22.5,25.1,1.0,18.4,11.7,22.7
Can Tho,10.04,105.79,2026-01-14,28.6,22.0,25.1,0.3,19.12,11.9,27.0
Can Tho,10.04,105.79,2026-01-15,29.6,22.1,25.5,0.2,20.01,13.1,26.3
Can Tho,10.04,105.79,2026-01-16,29.6,22.1,25.3,0.2,18.5,11.5,25.6
Can Tho,10.04,105.79,2026-01-17,29.4,21.9,25.2,0.0,19.14,13.0,24.1
Can Tho,10.04,105.79,2026-01-18,29.2,21.4,25.0,0.0,19.89,10.5,23.8
Can Tho,10.04,105.79,2026-01-19,28.6,22.0,25.0,0.2,18.96,12.4,28.4
Can Tho,10.04,105.79,2026-01-20,29.5,21.8,24.9,0.4,20.5,13.9,26.3
Can Tho,10.04,105.79,2026-01-21,29.8,22.0,25.2,0.0,21.32,13.2,29.9
Can Tho,10.04,105.79,2026-01-22,28.8,21.0,24.8,0.3,19.3,12.1,24.5
Can Tho,10.04,105.79,2026-01-23,28.8,21.4,25.1,0.4,19.51,13.0,24.1
Can Tho,10.04,105.79,2026-01-24,29.3,21.9,25.2,0.1,20.79,13.2,24.1
Can Tho,10.04,105.79,2026-01-25,29.2,21.8,25.0,0.2,20.74,12.3,29.2
Can Tho,10.04,105.79,2026-01-26,29.5,22.0,25.2,0.1,19.66,13.6,30.2
Can Tho,10.04,105.79,2026-01-27,29.9,21.9,25.3,0.0,19.57,13.5,29.9
Can Tho,10.04,105.79,2026-01-28,29.6,21.8,25.1,0.0,17.43,15.2,32.4
Can Tho,10.04,105.79,2026-01-29,29.9,21.4,25.4,0.0,19.01,13.4,27.4
Can Tho,10.04,105.79,2026-01-30,30.1,22.0,25.6,0.0,18.86,13.0,30.2
Can Tho,10.04,105.79,2026-01-31,30.6,22.5,25.8,0.4,20.81,14.0,32.4
Can Tho,10.04,105.79,2026-02-01,30.2,21.6,25.5,0.1,22.74,15.9,32.8
Can Tho,10.04,105.79,2026-02-02,30.6,21.4,25.6,0.0,22.26,17.0,32.0
Can Tho,10.04,105.79,2026-02-03,30.2,22.9,26.2,0.9,19.53,15.1,32.0
Can Tho,10.04,105.79,2026-02-04,30.0,23.2,26.5,0.7,18.99,15.7,29.5
Can Tho,10.04,105.79,2026-02-05,30.7,23.4,26.3,0.6,19.8,11.3,30.6
Can Tho,10.04,105.79,2026-02-06,30.1,23.1,25.8,0.8,19.9,15.9,35.3
Can Tho,10.04,105.79,2026-02-07,30.1,22.9,26.2,1.0,19.95,12.3,28.4
Can Tho,10.04,105.79,2026-02-08,29.8,23.0,25.9,0.6,18.64,15.4,36.0
Can Tho,10.04,105.79,2026-02-09,30.6,22.0,26.0,0.0,23.31,11.1,22.3
Can Tho,10.04,105.79,2026-02-10,31.1,22.6,26.6,0.2,21.42,12.1,24.1
Can Tho,10.04,105.79,2026-02-11,30.4,23.4,26.1,6.8,18.13,18.2,42.1
Can Tho,10.04,105.79,2026-02-12,30.5,23.5,26.7,0.5,19.95,16.7,35.6
Can Tho,10.04,105.79,2026-02-13,32.0,23.4,26.9,0.5,21.83,18.6,33.8
Can Tho,10.04,105.79,2026-02-14,31.5,23.6,27.0,0.5,19.83,15.3,34.6
Can Tho,10.04,105.79,2026-02-15,31.7,23.5,27.2,0.0,19.35,15.0,34.6
Can Tho,10.04,105.79,2026-02-16,32.5,25.0,27.9,0.0,22.98,19.5,41.4
Can Tho,10.04,105.79,2026-02-17,32.5,24.8,27.7,0.0,23.4,22.5,48.6
Can Tho,10.04,105.79,2026-02-18,33.0,24.1,27.9,0.0,23.62,21.3,45.4
Can Tho,10.04,105.79,2026-02-19,32.7,24.2,27.9,0.0,23.71,21.5,41.0
Can Tho,10.04,105.79,2026-02-20,32.7,24.0,27.7,0.1,22.81,14.4,32.8
Can Tho,10.04,105.79,2026-02-21,31.9,23.1,27.2,0.2,22.58,15.4,28.8
Can Tho,10.04,105.79,2026-02-22,31.5,23.4,27.1,0.4,21.56,12.1,24.5
Can Tho,10.04,105.79,2026-02-23,31.1,23.8,27.1,0.3,21.65,12.6,26.3
Can Tho,10.04,105.79,2026-02-24,31.5,23.5,27.2,0.0,18.67,15.1,33.1
Can Tho,10.04,105.79,2026-02-25,31.6,23.5,27.2,0.0,18.52,14.9,31.7
Can Tho,10.04,105.79,2026-02-26,29.5,23.9,25.1,15.3,10.08,15.8,37.1
Can Tho,10.04,105.79,2026-02-27,28.0,23.4,25.1,31.0,13.11,11.7,27.7
Can Tho,10.04,105.79,2026-02-28,30.6,22.9,26.4,1.0,21.07,9.7,21.6
Can Tho,10.04,105.79,2026-03-01,31.7,24.0,27.1,2.6,22.25,9.2,20.5
Can Tho,10.04,105.79,2026-03-02,32.7,24.5,27.9,0.2,23.17,10.3,23.0
Can Tho,10.04,105.79,2026-03-03,32.3,24.5,28.1,0.0,23.16,9.7,19.8
Can Tho,10.04,105.79,2026-03-04,32.0,24.8,27.8,0.4,22.86,8.8,20.9
Can Tho,10.04,105.79,2026-03-05,31.1,24.0,27.2,0.2,20.46,13.6,30.6
Can Tho,10.04,105.79,2026-03-06,30.8,23.7,25.6,14.4,19.12,14.8,38.5
Can Tho,10.04,105.79,2026-03-07,30.8,23.0,26.4,1.4,21.89,13.0,31.7
Can Tho,10.04,105.79,2026-03-08,31.2,23.6,26.8,0.2,23.36,12.1,25.6
Can Tho,10.04,105.79,2026-03-09,30.5,23.6,26.7,2.2,22.33,11.7,27.0
Can Tho,10.04,105.79,2026-03-10,31.3,24.2,27.1,2.4,22.2,13.0,33.1
Can Tho,10.04,105.79,2026-03-11,31.0,24.0,27.0,0.3,22.81,19.8,37.8
Can Tho,10.04,105.79,2026-03-12,31.2,24.2,27.1,0.5,23.11,16.5,36.0
Can Tho,10.04,105.79,2026-03-13,31.1,24.4,27.1,0.4,23.8,19.4,41.8
Can Tho,10.04,105.79,2026-03-14,30.9,24.2,27.1,0.4,22.53,17.0,34.9
Can Tho,10.04,105.79,2026-03-15,31.2,23.5,27.0,0.5,22.88,16.7,32.0
Can Tho,10.04,105.79,2026-03-16,31.2,24.4,27.3,0.1,23.84,20.8,44.3
Can Tho,10.04,105.79,2026-03-17,31.3,23.9,27.0,0.4,23.4,20.4,42.8
Can Tho,10.04,105.79,2026-03-18,31.4,23.9,27.1,0.7,22.89,16.6,34.9
Can Tho,10.04,105.79,2026-03-19,31.1,23.1,26.8,0.7,22.82,15.8,34.6
Can Tho,10.04,105.79,2026-03-20,31.3,22.9,26.8,0.5,22.19,12.8,30.2
Can Tho,10.04,105.79,2026-03-21,31.8,23.5,27.0,0.4,23.84,15.3,33.8
Can Tho,10.04,105.79,2026-03-22,32.2,23.9,27.3,0.0,23.46,18.8,40.0
Can Tho,10.04,105.79,2026-03-23,32.0,23.5,27.3,0.3,23.37,13.8,31.3
Can Tho,10.04,105.79,2026-03-24,32.3,23.1,27.4,0.0,24.37,14.2,32.0
Can Tho,10.04,105.79,2026-03-25,33.2,23.3,27.4,0.0,25.32,15.0,30.6
Can Tho,10.04,105.79,2026-03-26,32.2,23.6,27.5,0.0,23.41,14.7,31.0
Can Tho,10.04,105.79,2026-03-27,32.8,23.3,27.5,0.1,23.55,14.2,28.8
Can Tho,10.04,105.79,2026-03-28,32.8,23.0,27.3,0.0,25.29,16.5,36.0
Can Tho,10.04,105.79,2026-03-29,33.6,23.6,28.3,0.1,24.73,14.1,32.4
Can Tho,10.04,105.79,2026-03-30,32.3,24.6,28.0,0.7,23.11,15.1,32.8
Can Tho,10.04,105.79,2026-03-31,33.0,24.3,28.5,0.0,24.54,13.3,24.1
Can Tho,10.04,105.79,2026-04-01,33.0,24.3,28.1,0.0,24.89,16.3,32.0
Can Tho,10.04,105.79,2026-04-02,33.3,23.8,28.0,0.0,24.03,13.8,31.3
Can Tho,10.04,105.79,2026-04-03,32.8,23.9,28.0,0.0,23.35,16.4,31.3
Can Tho,10.04,105.79,2026-04-04,33.4,22.5,28.0,0.0,25.82,13.5,26.3
Can Tho,10.04,105.79,2026-04-05,34.2,23.7,28.9,0.0,24.57,12.2,25.9
Can Tho,10.04,105.79,2026-04-06,35.0,23.8,29.2,0.0,25.39,13.1,25.9
Can Tho,10.04,105.79,2026-04-07,35.0,24.5,29.4,0.0,26.56,13.1,29.5
Can Tho,10.04,105.79,2026-04-08,34.5,25.0,29.5,0.0,24.43,13.9,29.5
Can Tho,10.04,105.79,2026-04-09,33.8,24.9,29.1,0.0,23.7,12.9,27.4
Can Tho,10.04,105.79,2026-04-10,33.8,23.9,29.0,0.0,24.66,13.5,25.9
Can Tho,10.04,105.79,2026-04-11,35.2,25.1,29.8,0.1,24.69,10.3,23.8
Can Tho,10.04,105.79,2026-04-12,35.0,25.0,29.7,0.0,24.65,13.5,26.3
Can Tho,10.04,105.79,2026-04-13,34.3,24.9,29.5,0.7,23.8,16.2,29.9
Can Tho,10.04,105.79,2026-04-14,33.7,25.3,29.5,0.0,24.25,11.8,23.4
Can Tho,10.04,105.79,2026-04-15,33.6,25.1,29.0,0.3,21.69,10.0,27.4
Can Tho,10.04,105.79,2026-04-16,34.7,24.6,29.2,0.0,24.41,16.7,33.5
Can Tho,10.04,105.79,2026-04-17,34.6,24.9,29.5,0.0,24.74,16.5,35.6
Can Tho,10.04,105.79,2026-04-18,33.8,24.9,29.3,0.0,23.35,14.5,29.2
Can Tho,10.04,105.79,2026-04-19,33.3,25.6,29.4,0.4,22.94,13.6,32.0
Can Tho,10.04,105.79,2026-04-20,33.3,25.8,29.1,0.1,23.27,12.9,30.6
Can Tho,10.04,105.79,2026-04-21,33.5,24.1,28.4,0.0,22.66,16.7,36.7
Can Tho,10.04,105.79,2026-04-22,33.1,23.4,28.3,0.0,22.86,13.2,28.4
Can Tho,10.04,105.79,2026-04-23,33.8,23.8,28.7,0.0,23.81,14.0,31.0
Can Tho,10.04,105.79,2026-04-24,34.3,24.0,28.8,0.0,24.33,15.6,28.8
Can Tho,10.04,105.79,2026-04-25,33.9,24.7,29.0,0.5,22.86,14.4,33.8
Can Tho,10.04,105.79,2026-04-26,35.0,25.4,29.8,0.0,24.22,14.1,32.8
Can Tho,10.04,105.79,2026-04-27,34.8,25.7,29.9,0.1,23.93,14.5,33.1
Can Tho,10.04,105.79,2026-04-28,35.7,26.1,30.2,0.0,25.02,16.9,31.3
Can Tho,10.04,105.79,2026-04-29,34.8,25.0,30.0,0.0,25.19,11.6,22.7
Can Tho,10.04,105.79,2026-04-30,35.7,26.0,30.3,0.0,24.49,15.5,35.3
Can Tho,10.04,105.79,2026-05-01,36.0,26.1,30.3,0.0,24.21,17.5,37.8
Can Tho,10.04,105.79,2026-05-02,35.0,26.0,29.6,3.9,22.71,17.1,38.5
Can Tho,10.04,105.79,2026-05-03,32.2,26.4,29.2,2.2,20.06,18.2,40.0
Can Tho,10.04,105.79,2026-05-04,33.4,25.8,29.2,4.2,21.74,12.5,33.8
Can Tho,10.04,105.79,2026-05-05,32.7,26.6,28.5,13.2,21.16,17.3,42.1
Can Tho,10.04,105.79,2026-05-06,32.7,25.5,28.0,4.2,21.72,16.3,36.7
Can Tho,10.04,105.79,2026-05-07,33.0,26.2,29.2,0.2,21.13,13.9,31.7
Can Tho,10.04,105.79,2026-05-08,33.0,25.9,29.4,0.5,22.69,13.6,34.2
Can Tho,10.04,105.79,2026-05-09,34.5,26.2,29.9,0.2,23.68,14.3,35.6
Can Tho,10.04,105.79,2026-05-10,32.8,26.7,29.0,5.1,20.69,21.4,54.0
Can Tho,10.04,105.79,2026-05-11,32.8,25.3,28.7,0.3,18.58,20.8,44.3
Can Tho,10.04,105.79,2026-05-12,34.7,26.5,30.0,0.0,24.78,13.8,32.0
Can Tho,10.04,105.79,2026-05-13,34.6,26.1,29.5,3.2,24.35,11.2,23.8
Can Tho,10.04,105.79,2026-05-14,34.7,25.8,29.6,2.1,24.1,15.1,34.6
Can Tho,10.04,105.79,2026-05-15,34.6,26.6,30.3,1.4,24.29,14.5,31.3
Can Tho,10.04,105.79,2026-05-16,36.2,27.5,30.7,0.7,23.19,13.7,30.2
Can Tho,10.04,105.79,2026-05-17,34.2,27.4,29.2,10.6,19.98,18.7,38.9
Can Tho,10.04,105.79,2026-05-18,32.7,26.2,28.9,7.1,22.16,17.5,38.9
Can Tho,10.04,105.79,2026-05-19,31.9,26.0,28.0,8.6,18.9,19.1,38.5
Can Tho,10.04,105.79,2026-05-20,32.0,25.6,28.2,3.2,18.07,15.7,29.5
Can Tho,10.04,105.79,2026-05-21,30.0,25.0,27.8,8.7,13.99,12.9,29.2
Can Tho,10.04,105.79,2026-05-22,33.3,26.3,29.1,5.9,24.01,10.2,27.0
Can Tho,10.04,105.79,2026-05-23,33.7,26.1,28.8,2.2,24.0,18.6,40.3
Can Tho,10.04,105.79,2026-05-24,33.7,26.7,29.3,1.1,22.7,12.9,29.5
Can Tho,10.04,105.79,2026-05-25,34.0,26.5,29.4,1.0,23.01,12.2,28.8
Can Tho,10.04,105.79,2026-05-26,33.5,26.5,29.6,3.1,23.46,20.5,46.4
Can Tho,10.04,105.79,2026-05-27,32.0,27.6,29.6,3.5,15.78,17.0,38.5
Can Tho,10.04,105.79,2026-05-28,32.5,26.0,29.1,3.2,16.93,13.4,29.2
Can Tho,10.04,105.79,2026-05-29,31.0,24.8,26.4,47.0,10.2,17.7,36.7
Can Tho,10.04,105.79,2026-05-30,30.5,23.0,26.6,25.6,11.12,13.2,29.2
Can Tho,10.04,105.79,2026-05-31,30.4,24.8,26.5,5.0,14.31,14.7,29.5
Can Tho,10.04,105.79,2026-06-01,30.8,25.1,27.1,5.5,15.84,11.0,37.8
Can Tho,10.04,105.79,2026-06-02,28.5,23.9,26.1,28.9,14.16,16.3,35.3
Can Tho,10.04,105.79,2026-06-03,30.4,24.6,26.3,23.0,12.19,17.6,38.9
Can Tho,10.04,105.79,2026-06-04,30.2,25.1,27.2,7.2,16.95,22.5,51.5
Can Tho,10.04,105.79,2026-06-05,32.3,25.1,28.7,4.7,22.27,17.0,38.5
Can Tho,10.04,105.79,2026-06-06,32.0,26.3,28.6,3.7,21.71,15.7,37.8
Can Tho,10.04,105.79,2026-06-07,33.2,26.0,29.1,3.0,23.23,15.6,34.6
Can Tho,10.04,105.79,2026-06-08,32.0,26.0,28.8,2.3,23.0,20.5,42.5
Can Tho,10.04,105.79,2026-06-09,32.2,26.0,28.6,3.4,20.49,16.6,36.7
Can Tho,10.04,105.79,2026-06-10,30.9,26.2,28.3,5.7,17.07,16.0,33.8
Can Tho,10.04,105.79,2026-06-11,33.9,24.2,27.6,8.4,21.75,14.3,33.8
Can Tho,10.04,105.79,2026-06-12,32.0,25.5,28.1,5.5,20.98,7.5,20.9
Can Tho,10.04,105.79,2026-06-13,32.7,25.5,28.6,1.5,23.09,9.6,24.1
Can Tho,10.04,105.79,2026-06-14,30.7,25.2,27.2,28.3,16.66,13.2,31.0
Can Tho,10.04,105.79,2026-06-15,31.6,25.0,27.3,6.6,21.3,13.4,31.0
Can Tho,10.04,105.79,2026-06-16,32.5,25.7,28.2,2.4,21.53,13.4,27.4
Can Tho,10.04,105.79,2026-06-17,31.8,25.8,28.0,5.0,22.06,13.7,33.8
Can Tho,10.04,105.79,2026-06-18,32.4,25.0,27.8,2.2,21.91,11.4,29.9
Can Tho,10.04,105.79,2026-06-19,32.2,25.2,27.9,1.8,21.65,13.0,29.2
Can Tho,10.04,105.79,2026-06-20,32.8,25.8,28.0,4.0,22.38,11.3,40.0
Can Tho,10.04,105.79,2026-06-21,32.5,25.6,28.6,1.8,23.41,13.1,28.4
Can Tho,10.04,105.79,2026-06-22,32.8,25.8,29.1,0.5,23.9,13.0,31.0
Can Tho,10.04,105.79,2026-06-23,32.5,26.6,28.9,3.7,19.63,16.6,42.8
Nha Trang,12.25,109.19,2026-01-01,27.3,19.5,23.3,0.0,20.58,21.9,50.8
Nha Trang,12.25,109.19,2026-01-02,26.7,20.5,23.6,0.0,19.03,28.1,63.4
Nha Trang,12.25,109.19,2026-01-03,27.0,20.8,23.5,0.2,19.42,29.4,64.8
Nha Trang,12.25,109.19,2026-01-04,26.3,21.0,23.5,0.0,11.96,21.3,51.5
Nha Trang,12.25,109.19,2026-01-05,26.5,23.0,24.3,1.5,13.24,24.8,57.2
Nha Trang,12.25,109.19,2026-01-06,26.1,22.2,23.9,0.1,16.47,32.9,71.3
Nha Trang,12.25,109.19,2026-01-07,25.3,22.0,23.4,0.3,15.51,32.6,70.9
Nha Trang,12.25,109.19,2026-01-08,24.8,20.5,22.4,1.1,16.39,33.4,72.4
Nha Trang,12.25,109.19,2026-01-09,24.8,19.2,21.7,0.0,19.03,28.7,62.6
Nha Trang,12.25,109.19,2026-01-10,26.1,19.0,22.1,0.0,19.8,23.9,53.6
Nha Trang,12.25,109.19,2026-01-11,26.2,21.0,23.1,0.0,18.45,26.5,59.4
Nha Trang,12.25,109.19,2026-01-12,25.6,20.0,22.8,0.2,17.1,22.8,49.7
Nha Trang,12.25,109.19,2026-01-13,26.8,20.6,23.3,0.0,20.29,23.2,51.8
Nha Trang,12.25,109.19,2026-01-14,25.9,20.0,23.0,0.1,18.14,22.4,50.0
Nha Trang,12.25,109.19,2026-01-15,27.5,19.9,23.3,0.0,21.34,27.8,60.5
Nha Trang,12.25,109.19,2026-01-16,27.4,18.9,23.0,0.0,21.37,17.1,40.3
Nha Trang,12.25,109.19,2026-01-17,26.1,20.3,22.9,0.0,21.1,16.2,39.2
Nha Trang,12.25,109.19,2026-01-18,27.5,20.4,23.2,0.0,21.0,21.6,49.3
Nha Trang,12.25,109.19,2026-01-19,27.7,19.8,23.3,0.0,21.05,21.2,49.0
Nha Trang,12.25,109.19,2026-01-20,27.4,19.4,23.4,0.0,21.43,25.0,55.1
Nha Trang,12.25,109.19,2026-01-21,26.9,20.7,23.6,0.0,20.11,26.9,59.8
Nha Trang,12.25,109.19,2026-01-22,26.1,21.6,23.5,0.9,17.01,25.6,59.4
Nha Trang,12.25,109.19,2026-01-23,25.9,21.7,23.4,2.8,19.36,24.5,55.8
Nha Trang,12.25,109.19,2026-01-24,26.1,21.2,23.4,1.2,18.91,23.4,53.6
Nha Trang,12.25,109.19,2026-01-25,26.6,19.7,22.9,0.0,20.36,22.3,52.2
Nha Trang,12.25,109.19,2026-01-26,26.7,20.2,23.4,0.1,20.16,21.7,49.0
Nha Trang,12.25,109.19,2026-01-27,27.4,20.1,23.6,0.0,21.32,26.9,60.1
Nha Trang,12.25,109.19,2026-01-28,26.7,20.7,23.6,0.1,19.01,21.8,51.8
Nha Trang,12.25,109.19,2026-01-29,27.9,20.4,23.7,0.0,21.69,24.6,54.7
Nha Trang,12.25,109.19,2026-01-30,27.1,20.8,23.3,0.0,19.32,21.4,47.9
Nha Trang,12.25,109.19,2026-01-31,26.8,20.0,23.5,0.0,19.54,22.0,49.7
Nha Trang,12.25,109.19,2026-02-01,27.4,20.2,23.6,0.8,19.27,24.5,56.5
Nha Trang,12.25,109.19,2026-02-02,27.9,21.0,24.0,1.5,19.55,27.0,59.4
Nha Trang,12.25,109.19,2026-02-03,25.6,22.3,23.5,2.7,10.59,26.3,58.3
Nha Trang,12.25,109.19,2026-02-04,27.8,22.4,24.4,0.0,20.08,23.2,51.8
Nha Trang,12.25,109.19,2026-02-05,26.7,20.8,23.5,0.0,20.95,18.8,44.3
Nha Trang,12.25,109.19,2026-02-06,26.4,21.3,23.3,0.0,21.42,14.7,36.0
Nha Trang,12.25,109.19,2026-02-07,26.8,22.0,24.1,0.0,20.47,25.0,55.1
Nha Trang,12.25,109.19,2026-02-08,28.5,21.7,24.4,0.7,20.73,28.6,64.1
Nha Trang,12.25,109.19,2026-02-09,27.6,22.1,24.5,0.1,20.77,27.7,62.3
Nha Trang,12.25,109.19,2026-02-10,26.7,22.6,24.6,0.5,9.8,22.5,51.5
Nha Trang,12.25,109.19,2026-02-11,25.6,23.0,24.1,7.5,10.36,19.7,43.9
Nha Trang,12.25,109.19,2026-02-12,27.2,22.7,24.6,0.3,21.65,24.5,55.4
Nha Trang,12.25,109.19,2026-02-13,27.4,21.8,24.2,0.0,18.58,22.2,50.0
Nha Trang,12.25,109.19,2026-02-14,27.2,21.0,24.0,0.0,17.29,21.4,47.2
Nha Trang,12.25,109.19,2026-02-15,27.8,21.4,24.2,0.0,16.53,19.5,46.4
Nha Trang,12.25,109.19,2026-02-16,28.3,21.7,24.6,0.0,21.43,18.3,42.1
Nha Trang,12.25,109.19,2026-02-17,28.5,22.1,25.0,0.1,21.96,20.7,47.5
Nha Trang,12.25,109.19,2026-02-18,27.5,23.3,24.9,3.5,21.64,27.9,61.2
Nha Trang,12.25,109.19,2026-02-19,27.8,22.6,24.8,1.6,21.92,25.6,56.5
Nha Trang,12.25,109.19,2026-02-20,27.5,22.9,24.8,0.0,21.7,26.2,58.3
Nha Trang,12.25,109.19,2026-02-21,27.1,21.6,24.0,0.0,23.5,18.0,43.6
Nha Trang,12.25,109.19,2026-02-22,26.8,20.9,24.0,0.0,22.33,13.6,34.6
Nha Trang,12.25,109.19,2026-02-23,27.5,22.7,24.6,0.1,22.6,15.7,37.4
Nha Trang,12.25,109.19,2026-02-24,27.1,22.9,24.6,0.0,22.71,16.2,38.5
Nha Trang,12.25,109.19,2026-02-25,29.0,22.6,25.1,0.1,17.72,18.4,42.5
Nha Trang,12.25,109.19,2026-02-26,27.3,23.9,25.2,3.8,16.14,14.3,37.8
Nha Trang,12.25,109.19,2026-02-27,27.5,23.4,25.0,11.2,16.08,13.4,32.8
Nha Trang,12.25,109.19,2026-02-28,29.3,22.6,25.6,0.3,21.66,13.6,33.8
Nha Trang,12.25,109.19,2026-03-01,29.6,22.5,26.0,0.0,22.92,13.3,33.5
Nha Trang,12.25,109.19,2026-03-02,30.2,23.1,26.4,0.0,23.72,14.9,37.4
Nha Trang,12.25,109.19,2026-03-03,30.4,23.6,26.7,0.1,22.44,16.3,38.5
Nha Trang,12.25,109.19,2026-03-04,30.7,23.8,26.7,0.6,24.06,12.9,33.1
Nha Trang,12.25,109.19,2026-03-05,28.8,23.9,26.1,2.6,20.74,21.3,50.0
Nha Trang,12.25,109.19,2026-03-06,27.9,24.1,25.7,3.1,18.87,20.1,47.5
Nha Trang,12.25,109.19,2026-03-07,28.7,23.9,25.8,0.7,22.2,26.9,60.5
Nha Trang,12.25,109.19,2026-03-08,29.0,22.1,25.6,0.1,22.52,27.0,61.2
Nha Trang,12.25,109.19,2026-03-09,28.4,24.2,25.8,1.1,19.97,22.0,52.2
Nha Trang,12.25,109.19,2026-03-10,28.2,23.1,25.1,3.0,20.38,27.3,63.0
Nha Trang,12.25,109.19,2026-03-11,28.6,22.8,25.3,0.0,23.76,25.1,56.9
Nha Trang,12.25,109.19,2026-03-12,27.9,23.0,25.2,1.0,23.1,26.1,58.3
Nha Trang,12.25,109.19,2026-03-13,29.1,22.4,25.1,1.1,22.78,24.2,56.2
Nha Trang,12.25,109.19,2026-03-14,25.7,22.6,23.9,5.2,11.19,24.2,52.6
Nha Trang,12.25,109.19,2026-03-15,27.0,22.3,24.4,4.6,14.36,21.2,50.0
Nha Trang,12.25,109.19,2026-03-16,28.1,22.6,25.0,0.8,22.19,23.7,57.2
Nha Trang,12.25,109.19,2026-03-17,29.1,21.9,25.3,0.0,23.82,21.5,49.0
Nha Trang,12.25,109.19,2026-03-18,28.1,22.2,24.7,0.0,25.07,16.1,40.3
Nha Trang,12.25,109.19,2026-03-19,29.3,22.0,25.3,0.0,24.04,14.4,35.3
Nha Trang,12.25,109.19,2026-03-20,29.4,21.9,25.3,0.0,25.12,11.5,30.6
Nha Trang,12.25,109.19,2026-03-21,28.7,22.2,25.4,1.2,23.33,15.0,37.1
Nha Trang,12.25,109.19,2026-03-22,29.1,23.4,25.8,0.0,24.07,15.9,38.5
Nha Trang,12.25,109.19,2026-03-23,28.9,23.5,25.7,0.3,23.75,14.8,36.4
Nha Trang,12.25,109.19,2026-03-24,29.2,22.4,25.5,0.0,25.57,12.3,33.5
Nha Trang,12.25,109.19,2026-03-25,30.1,21.8,25.8,0.2,25.15,16.2,40.3
Nha Trang,12.25,109.19,2026-03-26,29.3,24.1,26.3,0.9,25.09,14.1,36.7
Nha Trang,12.25,109.19,2026-03-27,30.4,21.8,26.2,0.0,25.61,16.1,39.6
Nha Trang,12.25,109.19,2026-03-28,30.7,22.2,26.7,0.0,25.61,14.3,37.4
Nha Trang,12.25,109.19,2026-03-29,31.0,22.5,26.9,0.0,25.34,15.8,38.9
Nha Trang,12.25,109.19,2026-03-30,30.6,23.8,27.0,0.0,25.32,15.8,38.9
Nha Trang,12.25,109.19,2026-03-31,31.9,22.0,26.8,0.0,26.38,17.0,39.2
Nha Trang,12.25,109.19,2026-04-01,31.3,23.4,26.9,0.0,25.92,16.8,41.0
Nha Trang,12.25,109.19,2026-04-02,31.0,22.7,26.7,0.0,25.53,11.2,31.3
Nha Trang,12.25,109.19,2026-04-03,31.3,21.2,26.7,0.0,26.54,15.8,38.5
Nha Trang,12.25,109.19,2026-04-04,32.8,22.3,27.5,0.0,25.86,19.4,43.6
Nha Trang,12.25,109.19,2026-04-05,33.0,24.0,28.0,0.0,25.31,20.0,44.3
Nha Trang,12.25,109.19,2026-04-06,32.9,24.3,28.1,0.0,25.89,21.6,48.2
Nha Trang,12.25,109.19,2026-04-07,33.3,24.7,28.5,0.0,25.74,20.0,43.9
Nha Trang,12.25,109.19,2026-04-08,32.0,24.7,27.8,0.0,25.41,19.9,45.7
Nha Trang,12.25,109.19,2026-04-09,32.3,24.0,27.6,0.0,26.47,20.9,47.9
Nha Trang,12.25,109.19,2026-04-10,32.9,23.2,28.0,0.0,25.66,17.9,42.1
Nha Trang,12.25,109.19,2026-04-11,33.2,24.0,28.3,0.0,25.15,22.9,50.8
Nha Trang,12.25,109.19,2026-04-12,32.7,24.4,28.4,0.0,25.18,21.0,49.7
Nha Trang,12.25,109.19,2026-04-13,32.8,25.0,28.6,0.0,24.84,23.6,52.2
Nha Trang,12.25,109.19,2026-04-14,32.0,25.0,28.2,0.0,25.38,18.8,44.3
Nha Trang,12.25,109.19,2026-04-15,31.9,23.8,28.0,0.0,25.47,18.0,42.5
Nha Trang,12.25,109.19,2026-04-16,32.3,24.4,28.3,0.0,25.15,18.5,43.6
Nha Trang,12.25,109.19,2026-04-17,32.0,23.7,28.0,0.0,26.32,17.5,43.6
Nha Trang,12.25,109.19,2026-04-18,30.2,24.5,27.6,0.7,23.15,14.5,37.8
Nha Trang,12.25,109.19,2026-04-19,31.7,25.4,28.3,0.0,26.08,13.7,35.6
Nha Trang,12.25,109.19,2026-04-20,31.5,23.3,27.5,0.0,26.39,16.0,40.3
Nha Trang,12.25,109.19,2026-04-21,32.3,23.7,27.9,0.0,26.44,16.7,40.3
Nha Trang,12.25,109.19,2026-04-22,32.1,24.8,28.4,0.0,25.53,20.8,48.6
Nha Trang,12.25,109.19,2026-04-23,32.9,24.9,29.0,0.0,25.37,24.0,53.6
Nha Trang,12.25,109.19,2026-04-24,32.7,25.7,29.1,0.5,24.35,18.6,45.0
Nha Trang,12.25,109.19,2026-04-25,30.6,25.5,28.0,2.1,23.83,15.8,40.0
Nha Trang,12.25,109.19,2026-04-26,31.3,25.6,28.2,0.0,25.17,16.6,41.0
Nha Trang,12.25,109.19,2026-04-27,31.6,25.8,28.5,0.3,25.11,12.6,34.2
Nha Trang,12.25,109.19,2026-04-28,32.2,26.0,29.0,0.3,21.0,12.2,33.5
Nha Trang,12.25,109.19,2026-04-29,33.1,26.1,29.4,0.0,23.3,15.3,38.2
Nha Trang,12.25,109.19,2026-04-30,31.9,26.7,28.9,1.4,24.72,20.2,47.9
Nha Trang,12.25,109.19,2026-05-01,32.2,25.7,28.6,0.7,23.86,22.1,51.5
Nha Trang,12.25,109.19,2026-05-02,31.9,25.7,28.6,0.8,24.02,15.8,38.5
Nha Trang,12.25,109.19,2026-05-03,32.2,25.9,29.0,0.4,24.75,13.4,35.3
Nha Trang,12.25,109.19,2026-05-04,32.7,26.2,29.1,2.3,23.16,18.8,45.0
Nha Trang,12.25,109.19,2026-05-05,31.1,25.9,28.1,2.4,21.47,19.0,45.7
Nha Trang,12.25,109.19,2026-05-06,31.7,25.8,28.8,0.4,21.0,12.0,31.7
Nha Trang,12.25,109.19,2026-05-07,32.5,25.9,29.0,1.4,24.75,15.1,37.4
Nha Trang,12.25,109.19,2026-05-08,32.4,25.6,29.1,0.1,24.94,17.6,41.4
Nha Trang,12.25,109.19,2026-05-09,32.4,26.6,29.0,2.0,23.65,21.9,51.5
Nha Trang,12.25,109.19,2026-05-10,32.7,25.8,29.0,2.8,24.48,20.3,47.5
Nha Trang,12.25,109.19,2026-05-11,31.7,25.3,28.7,1.4,23.9,16.4,40.3
Nha Trang,12.25,109.19,2026-05-12,32.4,25.9,29.2,0.5,25.14,12.6,34.2
Nha Trang,12.25,109.19,2026-05-13,32.6,26.9,29.8,0.0,24.43,15.5,40.0
Nha Trang,12.25,109.19,2026-05-14,34.2,26.7,30.4,0.2,24.78,17.1,42.8
Nha Trang,12.25,109.19,2026-05-15,34.6,27.3,30.5,2.9,24.81,14.9,38.2
Nha Trang,12.25,109.19,2026-05-16,33.5,26.3,29.7,1.2,20.01,13.4,31.7
Nha Trang,12.25,109.19,2026-05-17,33.5,26.6,29.4,3.4,23.33,17.1,40.0
Nha Trang,12.25,109.19,2026-05-18,33.0,26.2,29.3,2.6,21.41,22.5,53.6
Nha Trang,12.25,109.19,2026-05-19,34.5,26.6,30.1,1.1,22.67,26.2,56.9
Nha Trang,12.25,109.19,2026-05-20,33.1,26.9,29.9,1.2,23.79,26.9,58.7
Nha Trang,12.25,109.19,2026-05-21,34.4,26.9,30.4,1.0,24.64,25.5,55.4
Nha Trang,12.25,109.19,2026-05-22,33.8,26.7,30.3,0.1,25.03,14.1,36.4
Nha Trang,12.25,109.19,2026-05-23,35.0,26.8,30.7,0.6,25.37,16.2,39.6
Nha Trang,12.25,109.19,2026-05-24,35.6,27.4,31.4,0.0,25.47,16.6,39.6
Nha Trang,12.25,109.19,2026-05-25,35.3,27.5,31.6,0.1,25.09,19.0,43.2
Nha Trang,12.25,109.19,2026-05-26,35.4,27.1,31.3,0.3,24.73,16.3,40.0
Nha Trang,12.25,109.19,2026-05-27,35.2,27.6,31.6,0.0,25.83,16.2,39.6
Nha Trang,12.25,109.19,2026-05-28,35.3,27.6,31.0,0.2,21.47,13.8,36.4
Nha Trang,12.25,109.19,2026-05-29,31.2,27.3,29.0,2.8,15.08,11.8,29.2
Nha Trang,12.25,109.19,2026-05-30,29.2,25.2,26.8,15.5,15.96,9.4,30.6
Nha Trang,12.25,109.19,2026-05-31,27.7,25.0,25.7,39.1,7.22,9.6,23.4
Nha Trang,12.25,109.19,2026-06-01,28.4,24.5,26.4,26.6,8.73,8.8,23.4
Nha Trang,12.25,109.19,2026-06-02,29.5,25.3,26.9,3.0,11.55,6.9,21.2
Nha Trang,12.25,109.19,2026-06-03,31.2,25.8,28.0,4.5,18.02,13.3,31.3
Nha Trang,12.25,109.19,2026-06-04,31.2,26.4,28.7,2.3,17.85,9.8,24.5
Nha Trang,12.25,109.19,2026-06-05,32.9,26.3,29.5,2.2,24.35,12.2,32.4
Nha Trang,12.25,109.19,2026-06-06,32.6,26.1,29.4,0.7,24.26,11.7,29.5
Nha Trang,12.25,109.19,2026-06-07,32.5,27.0,29.6,1.4,24.75,12.2,29.9
Nha Trang,12.25,109.19,2026-06-08,32.7,26.7,29.7,0.6,25.24,12.8,30.6
Nha Trang,12.25,109.19,2026-06-09,33.0,26.9,29.6,2.3,24.45,12.2,29.5
Nha Trang,12.25,109.19,2026-06-10,32.0,26.4,29.3,0.7,23.43,13.5,31.7
Nha Trang,12.25,109.19,2026-06-11,31.1,27.1,29.0,1.1,22.67,9.4,27.0
Nha Trang,12.25,109.19,2026-06-12,31.4,25.8,28.7,0.0,24.79,11.8,27.4
Nha Trang,12.25,109.19,2026-06-13,32.5,25.6,28.8,0.0,25.62,16.4,37.1
Nha Trang,12.25,109.19,2026-06-14,32.5,26.1,29.3,0.3,25.11,18.0,38.9
Nha Trang,12.25,109.19,2026-06-15,33.4,26.0,30.0,1.0,25.56,16.4,37.8
Nha Trang,12.25,109.19,2026-06-16,34.1,27.1,30.2,0.0,25.32,10.7,29.9
Nha Trang,12.25,109.19,2026-06-17,33.3,26.3,30.0,0.4,25.39,12.6,34.6
Nha Trang,12.25,109.19,2026-06-18,33.1,26.9,29.7,0.7,24.36,15.3,34.2
Nha Trang,12.25,109.19,2026-06-19,33.0,26.4,29.4,0.0,23.32,20.0,44.3
Nha Trang,12.25,109.19,2026-06-20,33.4,26.4,29.5,0.0,25.4,19.8,43.6
Nha Trang,12.25,109.19,2026-06-21,33.5,26.1,29.7,0.0,25.31,15.4,37.1
Nha Trang,12.25,109.19,2026-06-22,33.3,26.2,30.0,0.1,25.22,14.2,34.9
Nha Trang,12.25,109.19,2026-06-23,35.2,26.4,30.9,0.3,25.27,16.3,40.7
Hue,16.46,107.6,2026-01-01,26.5,16.8,21.6,0.0,17.82,12.0,31.3
Hue,16.46,107.6,2026-01-02,24.9,18.8,21.4,6.2,15.25,23.5,51.1
Hue,16.46,107.6,2026-01-03,23.9,19.0,20.9,5.8,13.22,21.5,46.1
Hue,16.46,107.6,2026-01-04,24.2,17.0,21.0,2.1,13.44,17.2,37.4
Hue,16.46,107.6,2026-01-05,25.0,19.2,21.8,1.5,14.65,17.1,39.2
Hue,16.46,107.6,2026-01-06,23.5,18.8,20.3,15.4,10.79,18.9,42.8
Hue,16.46,107.6,2026-01-07,21.0,17.3,18.9,21.2,5.39,19.7,40.0
Hue,16.46,107.6,2026-01-08,20.9,17.0,18.3,11.0,8.51,17.3,37.4
Hue,16.46,107.6,2026-01-09,21.5,14.6,17.7,0.9,12.19,11.0,28.1
Hue,16.46,107.6,2026-01-10,22.9,14.9,18.8,0.1,14.56,11.1,27.4
Hue,16.46,107.6,2026-01-11,23.5,15.9,19.2,0.0,18.26,13.8,33.5
Hue,16.46,107.6,2026-01-12,24.2,13.6,19.1,0.0,17.37,13.4,30.2
Hue,16.46,107.6,2026-01-13,24.1,16.2,20.1,0.0,17.05,13.1,32.0
Hue,16.46,107.6,2026-01-14,25.0,16.8,21.0,0.0,16.75,19.0,42.1
Hue,16.46,107.6,2026-01-15,25.2,17.8,21.6,0.1,15.57,13.5,32.0
Hue,16.46,107.6,2026-01-16,26.2,18.1,22.1,0.0,19.47,14.5,34.9
Hue,16.46,107.6,2026-01-17,25.7,18.0,21.7,0.0,17.97,13.0,32.4
Hue,16.46,107.6,2026-01-18,25.8,19.2,22.0,0.0,17.76,13.4,32.8
Hue,16.46,107.6,2026-01-19,27.0,17.8,22.2,0.0,19.72,17.3,38.2
Hue,16.46,107.6,2026-01-20,26.4,17.0,21.6,0.0,19.04,19.8,43.9
Hue,16.46,107.6,2026-01-21,25.5,17.1,21.3,0.1,18.85,21.2,46.8
Hue,16.46,107.6,2026-01-22,24.6,17.2,20.8,2.4,13.0,18.8,41.0
Hue,16.46,107.6,2026-01-23,23.6,18.1,20.3,9.4,9.65,18.8,40.0
Hue,16.46,107.6,2026-01-24,24.2,17.5,20.6,1.9,16.53,16.2,37.4
Hue,16.46,107.6,2026-01-25,24.9,16.1,20.6,0.0,20.0,22.5,46.8
Hue,16.46,107.6,2026-01-26,25.5,16.8,21.0,0.1,18.85,16.0,38.2
Hue,16.46,107.6,2026-01-27,24.6,17.8,20.9,1.2,15.57,12.4,29.9
Hue,16.46,107.6,2026-01-28,24.6,18.6,21.2,2.3,17.13,15.0,33.5
Hue,16.46,107.6,2026-01-29,25.1,17.8,21.5,0.2,18.37,21.8,46.8
Hue,16.46,107.6,2026-01-30,26.4,17.4,21.6,0.0,20.35,14.9,35.6
Hue,16.46,107.6,2026-01-31,25.8,19.2,21.9,0.8,19.03,10.7,26.6
Hue,16.46,107.6,2026-02-01,22.3,19.2,20.6,5.5,7.45,12.2,29.2
Hue,16.46,107.6,2026-02-02,22.0,18.9,20.5,12.2,7.53,19.0,38.9
Hue,16.46,107.6,2026-02-03,23.2,19.6,21.2,1.9,11.37,16.9,37.4
Hue,16.46,107.6,2026-02-04,24.8,18.0,21.6,0.3,17.02,14.4,33.5
Hue,16.46,107.6,2026-02-05,26.8,19.0,22.5,0.0,20.4,18.3,41.0
Hue,16.46,107.6,2026-02-06,27.0,19.8,22.8,0.0,20.09,15.4,36.4
Hue,16.46,107.6,2026-02-07,26.5,20.9,23.2,0.0,19.22,17.5,39.2
Hue,16.46,107.6,2026-02-08,25.0,20.5,22.3,2.1,16.41,26.3,56.5
Hue,16.46,107.6,2026-02-09,24.1,19.3,21.9,3.0,16.04,21.0,46.1
Hue,16.46,107.6,2026-02-10,25.6,19.0,22.4,0.2,17.95,16.8,37.4
Hue,16.46,107.6,2026-02-11,25.0,18.9,22.5,0.9,17.03,15.2,35.6
Hue,16.46,107.6,2026-02-12,26.0,20.5,22.9,0.2,18.46,18.0,40.3
Hue,16.46,107.6,2026-02-13,26.3,18.8,22.4,0.0,21.18,19.6,44.3
Hue,16.46,107.6,2026-02-14,26.7,18.2,22.4,0.0,19.59,20.6,42.8
Hue,16.46,107.6,2026-02-15,27.2,18.7,22.6,0.0,21.2,21.0,46.8
Hue,16.46,107.6,2026-02-16,27.5,19.7,23.5,0.0,18.49,16.2,40.0
Hue,16.46,107.6,2026-02-17,26.9,22.6,24.3,2.0,18.4,20.6,45.7
Hue,16.46,107.6,2026-02-18,26.4,22.2,23.7,2.6,16.57,24.5,52.6
Hue,16.46,107.6,2026-02-19,26.0,21.6,23.4,1.6,18.22,21.9,47.9
Hue,16.46,107.6,2026-02-20,26.3,20.7,22.9,1.7,18.26,16.9,39.2
Hue,16.46,107.6,2026-02-21,27.8,17.9,22.8,0.0,21.57,15.2,34.9
Hue,16.46,107.6,2026-02-22,29.3,19.8,24.2,0.0,21.0,17.7,40.3
Hue,16.46,107.6,2026-02-23,29.2,21.5,24.7,0.0,19.49,15.3,36.7
Hue,16.46,107.6,2026-02-24,28.2,21.7,24.5,0.0,18.4,13.7,32.8
Hue,16.46,107.6,2026-02-25,27.5,22.1,24.3,0.0,19.08,15.1,36.7
Hue,16.46,107.6,2026-02-26,29.9,22.1,24.8,0.2,15.48,15.0,35.6
Hue,16.46,107.6,2026-02-27,27.6,23.0,24.9,1.7,6.85,8.7,19.1
Hue,16.46,107.6,2026-02-28,31.0,22.0,25.9,0.0,21.11,13.7,29.9
Hue,16.46,107.6,2026-03-01,32.6,22.5,27.3,0.0,20.68,12.8,32.8
Hue,16.46,107.6,2026-03-02,33.5,22.6,28.1,0.6,20.37,12.4,29.9
Hue,16.46,107.6,2026-03-03,34.0,23.4,27.3,5.0,18.22,15.1,44.3
Hue,16.46,107.6,2026-03-04,25.1,21.9,23.4,7.3,7.93,19.9,42.1
Hue,16.46,107.6,2026-03-05,24.5,21.4,22.8,5.1,9.77,10.5,26.6
Hue,16.46,107.6,2026-03-06,24.7,21.2,22.9,13.2,10.16,17.4,37.8
Hue,16.46,107.6,2026-03-07,26.5,21.5,23.5,1.2,20.22,23.3,50.0
Hue,16.46,107.6,2026-03-08,26.4,20.1,23.1,1.4,19.49,18.2,41.0
Hue,16.46,107.6,2026-03-09,25.9,21.1,23.1,10.8,18.12,20.8,46.4
Hue,16.46,107.6,2026-03-10,24.5,21.0,22.3,14.7,9.06,21.5,47.9
Hue,16.46,107.6,2026-03-11,23.5,20.3,21.7,4.7,13.03,12.8,30.6
Hue,16.46,107.6,2026-03-12,24.2,20.7,21.8,23.2,11.27,16.4,36.7
Hue,16.46,107.6,2026-03-13,24.3,20.5,21.9,8.4,9.99,16.6,38.2
Hue,16.46,107.6,2026-03-14,25.2,20.5,22.3,20.7,12.86,21.8,46.8
Hue,16.46,107.6,2026-03-15,26.0,19.0,22.6,0.2,20.39,18.1,42.1
Hue,16.46,107.6,2026-03-16,26.0,19.0,22.7,0.2,18.79,16.1,36.4
Hue,16.46,107.6,2026-03-17,27.5,19.5,23.4,0.0,21.99,21.1,46.8
Hue,16.46,107.6,2026-03-18,27.4,19.5,23.3,0.0,22.83,17.2,37.8
Hue,16.46,107.6,2026-03-19,27.0,20.0,23.5,0.0,22.12,16.3,36.7
Hue,16.46,107.6,2026-03-20,28.5,20.4,24.2,0.0,21.97,15.9,36.0
Hue,16.46,107.6,2026-03-21,28.4,21.4,24.5,0.0,20.84,20.4,42.8
Hue,16.46,107.6,2026-03-22,28.7,21.0,24.5,0.0,21.65,19.1,41.0
Hue,16.46,107.6,2026-03-23,28.4,21.4,24.6,0.0,22.74,15.2,35.6
Hue,16.46,107.6,2026-03-24,29.0,21.5,24.7,0.0,23.08,14.0,33.1
Hue,16.46,107.6,2026-03-25,28.5,22.0,24.7,0.0,22.22,17.1,38.9
Hue,16.46,107.6,2026-03-26,28.8,21.6,25.0,0.0,23.04,12.5,30.2
Hue,16.46,107.6,2026-03-27,31.6,22.4,26.5,0.0,23.11,12.5,29.5
Hue,16.46,107.6,2026-03-28,31.0,23.0,26.7,0.0,22.64,10.8,28.4
Hue,16.46,107.6,2026-03-29,30.9,23.5,26.6,0.0,22.58,12.9,31.3
Hue,16.46,107.6,2026-03-30,33.0,22.2,27.3,0.0,23.29,15.1,35.3
Hue,16.46,107.6,2026-03-31,35.9,23.3,28.6,0.0,22.77,15.7,33.5
Hue,16.46,107.6,2026-04-01,31.3,22.5,26.8,0.0,22.11,17.7,42.1
Hue,16.46,107.6,2026-04-02,31.8,24.0,27.6,0.0,22.52,11.8,31.0
Hue,16.46,107.6,2026-04-03,33.4,23.5,28.5,0.0,23.14,13.9,33.1
Hue,16.46,107.6,2026-04-04,36.1,24.4,29.5,0.0,22.7,13.2,30.6
Hue,16.46,107.6,2026-04-05,37.5,24.2,30.0,0.0,23.03,14.4,33.1
Hue,16.46,107.6,2026-04-06,37.2,25.1,30.2,0.0,23.3,14.8,34.6
Hue,16.46,107.6,2026-04-07,37.5,26.0,30.7,0.0,23.49,15.3,35.3
Hue,16.46,107.6,2026-04-08,38.1,25.4,30.3,0.0,24.11,18.3,39.6
Hue,16.46,107.6,2026-04-09,35.2,24.5,29.6,0.0,23.18,14.8,34.6
Hue,16.46,107.6,2026-04-10,38.2,25.7,30.7,0.0,23.79,16.6,38.9
Hue,16.46,107.6,2026-04-11,37.8,26.4,31.4,0.1,23.06,18.7,41.4
Hue,16.46,107.6,2026-04-12,38.4,26.0,31.2,0.0,23.81,17.6,40.0
Hue,16.46,107.6,2026-04-13,37.9,25.9,30.8,0.0,22.96,16.8,37.8
Hue,16.46,107.6,2026-04-14,36.5,26.4,31.1,0.0,23.14,16.0,37.1
Hue,16.46,107.6,2026-04-15,34.8,25.7,30.0,0.0,23.78,14.2,34.6
Hue,16.46,107.6,2026-04-16,34.8,25.1,29.6,0.0,22.45,15.5,36.7
Hue,16.46,107.6,2026-04-17,34.3,24.8,28.6,1.5,20.48,15.7,35.3
Hue,16.46,107.6,2026-04-18,31.9,25.2,27.8,0.0,20.55,14.8,34.6
Hue,16.46,107.6,2026-04-19,32.0,24.8,27.3,4.2,20.56,13.6,37.1
Hue,16.46,107.6,2026-04-20,31.2,23.9,27.5,0.0,21.76,12.6,34.6
Hue,16.46,107.6,2026-04-21,33.4,23.5,28.4,0.0,24.3,14.3,34.9
Hue,16.46,107.6,2026-04-22,34.3,24.4,29.3,0.0,24.0,15.1,36.0
Hue,16.46,107.6,2026-04-23,35.6,25.6,29.9,0.0,23.35,12.6,31.7
Hue,16.46,107.6,2026-04-24,30.5,24.7,26.8,1.8,12.03,17.0,41.4
Hue,16.46,107.6,2026-04-25,29.3,24.2,26.3,1.9,18.18,14.2,34.2
Hue,16.46,107.6,2026-04-26,30.6,24.1,27.0,0.3,21.15,15.1,37.1
Hue,16.46,107.6,2026-04-27,33.2,24.5,28.5,1.0,22.21,12.2,37.8
Hue,16.46,107.6,2026-04-28,32.2,24.8,28.5,0.3,14.23,13.0,31.3
Hue,16.46,107.6,2026-04-29,33.2,24.3,27.2,10.4,19.98,14.5,32.0
Hue,16.46,107.6,2026-04-30,27.6,24.0,25.8,2.9,16.03,17.0,38.5
Hue,16.46,107.6,2026-05-01,29.6,23.1,26.0,0.0,22.09,16.0,38.9
Hue,16.46,107.6,2026-05-02,32.3,23.8,28.0,0.0,20.03,11.1,27.0
Hue,16.46,107.6,2026-05-03,34.7,24.0,29.3,0.3,23.19,10.1,27.7
Hue,16.46,107.6,2026-05-04,29.9,24.7,26.7,14.3,17.05,13.5,32.8
Hue,16.46,107.6,2026-05-05,28.5,24.1,26.1,2.8,18.38,13.4,32.0
Hue,16.46,107.6,2026-05-06,31.0,23.5,27.3,0.0,24.47,15.0,35.6
Hue,16.46,107.6,2026-05-07,33.3,24.0,28.4,0.0,24.91,15.9,37.1
Hue,16.46,107.6,2026-05-08,32.5,24.5,28.1,0.6,24.56,16.7,40.0
Hue,16.46,107.6,2026-05-09,31.6,24.4,27.8,1.5,24.6,14.4,35.3
Hue,16.46,107.6,2026-05-10,30.7,24.6,27.6,1.5,23.85,14.2,35.6
Hue,16.46,107.6,2026-05-11,32.2,24.5,28.1,0.2,24.88,16.2,39.2
Hue,16.46,107.6,2026-05-12,33.3,24.5,28.8,0.0,24.92,15.7,36.4
Hue,16.46,107.6,2026-05-13,35.0,26.2,30.0,1.9,23.92,15.9,37.4
Hue,16.46,107.6,2026-05-14,35.5,26.1,30.4,4.7,22.73,10.9,31.0
Hue,16.46,107.6,2026-05-15,36.1,27.1,30.3,8.9,21.65,15.7,36.7
Hue,16.46,107.6,2026-05-16,34.8,27.0,30.1,0.7,18.59,16.7,31.0
Hue,16.46,107.6,2026-05-17,32.9,25.6,28.4,8.1,19.01,11.4,33.1
Hue,16.46,107.6,2026-05-18,33.4,25.4,28.9,6.3,21.38,11.6,32.8
Hue,16.46,107.6,2026-05-19,34.1,25.6,29.5,5.9,17.68,12.4,31.7
Hue,16.46,107.6,2026-05-20,34.1,26.7,29.3,8.3,17.33,9.2,32.0
Hue,16.46,107.6,2026-05-21,35.6,26.7,29.5,17.2,20.78,11.4,34.6
Hue,16.46,107.6,2026-05-22,36.3,25.9,31.0,0.1,23.41,13.9,33.8
Hue,16.46,107.6,2026-05-23,36.8,26.5,32.1,0.3,24.54,15.8,39.6
Hue,16.46,107.6,2026-05-24,38.5,26.9,32.6,1.5,24.84,11.6,32.8
Hue,16.46,107.6,2026-05-25,39.5,27.4,32.8,1.3,25.43,10.6,31.0
Hue,16.46,107.6,2026-05-26,39.5,27.7,32.4,1.8,25.05,18.3,33.5
Hue,16.46,107.6,2026-05-27,38.1,27.5,32.9,0.5,25.08,13.5,35.6
Hue,16.46,107.6,2026-05-28,37.8,27.3,32.3,1.8,24.09,12.0,34.6
Hue,16.46,107.6,2026-05-29,35.6,27.4,31.2,0.4,25.35,16.4,40.3
Hue,16.46,107.6,2026-05-30,34.7,25.5,30.1,0.0,24.92,16.0,39.2
Hue,16.46,107.6,2026-05-31,33.5,26.1,29.9,1.3,24.22,12.6,34.6
Hue,16.46,107.6,2026-06-01,35.4,25.9,30.5,0.3,25.98,16.6,40.3
Hue,16.46,107.6,2026-06-02,35.8,25.5,30.7,0.4,25.84,16.8,40.7
Hue,16.46,107.6,2026-06-03,36.8,26.8,31.0,2.3,25.24,15.3,36.7
Hue,16.46,107.6,2026-06-04,37.7,26.8,32.0,0.4,25.67,20.1,42.8
Hue,16.46,107.6,2026-06-05,37.2,27.4,32.2,0.2,22.53,14.1,32.8
Hue,16.46,107.6,2026-06-06,38.0,28.7,32.9,0.9,20.69,10.8,29.2
Hue,16.46,107.6,2026-06-07,37.3,29.9,33.9,0.1,22.64,17.7,42.5
Hue,16.46,107.6,2026-06-08,37.5,30.3,33.7,0.1,20.19,14.0,37.4
Hue,16.46,107.6,2026-06-09,36.3,28.8,32.0,0.1,15.46,13.8,34.9
Hue,16.46,107.6,2026-06-10,32.5,25.7,27.7,24.8,15.64,11.2,34.6
Hue,16.46,107.6,2026-06-11,31.2,25.5,28.0,0.6,13.68,12.2,26.6
Hue,16.46,107.6,2026-06-12,33.4,26.0,29.5,1.5,23.7,12.0,32.4
Hue,16.46,107.6,2026-06-13,35.9,25.9,30.4,0.7,24.96,12.7,32.4
Hue,16.46,107.6,2026-06-14,36.7,25.8,30.7,1.2,24.09,11.6,28.8
Hue,16.46,107.6,2026-06-15,38.5,27.3,31.0,2.6,24.69,12.9,33.1
Hue,16.46,107.6,2026-06-16,38.1,26.0,30.5,1.9,23.94,15.6,30.6
Hue,16.46,107.6,2026-06-17,38.1,26.4,30.9,5.4,23.99,15.0,39.2
Hue,16.46,107.6,2026-06-18,38.0,27.2,31.3,2.1,22.8,15.5,33.1
Hue,16.46,107.6,2026-06-19,36.5,26.8,31.3,0.3,24.78,13.3,34.9
Hue,16.46,107.6,2026-06-20,37.3,26.5,31.1,0.7,24.79,17.5,38.2
Hue,16.46,107.6,2026-06-21,35.8,26.8,30.7,4.6,24.91,17.1,36.7
Hue,16.46,107.6,2026-06-22,37.1,25.6,31.3,0.4,25.69,11.7,31.0
Hue,16.46,107.6,2026-06-23,39.0,27.4,32.8,0.6,26.25,14.0,35.6
Vinh,18.67,105.69,2026-01-01,25.8,17.1,21.4,0.3,14.84,15.7,34.2
Vinh,18.67,105.69,2026-01-02,23.0,18.9,20.1,7.9,10.41,25.6,53.3
Vinh,18.67,105.69,2026-01-03,19.4,16.2,17.9,33.0,4.08,21.2,40.0
Vinh,18.67,105.69,2026-01-04,22.1,16.4,19.0,0.6,8.72,9.7,22.3
Vinh,18.67,105.69,2026-01-05,22.9,17.4,19.6,3.8,11.37,21.3,41.8
Vinh,18.67,105.69,2026-01-06,19.3,14.9,16.9,13.4,3.26,27.9,52.6
Vinh,18.67,105.69,2026-01-07,18.0,13.4,15.5,1.1,8.28,16.6,37.1
Vinh,18.67,105.69,2026-01-08,19.2,12.9,15.6,0.7,14.82,17.8,40.3
Vinh,18.67,105.69,2026-01-09,20.7,10.6,15.4,0.0,15.83,11.5,27.0
Vinh,18.67,105.69,2026-01-10,21.6,11.4,16.3,0.0,15.57,13.7,31.0
Vinh,18.67,105.69,2026-01-11,21.1,13.6,17.3,0.3,14.68,14.7,33.8
Vinh,18.67,105.69,2026-01-12,22.8,13.8,18.0,0.1,16.57,13.6,31.7
Vinh,18.67,105.69,2026-01-13,21.9,14.7,18.3,0.0,15.91,14.1,33.1
Vinh,18.67,105.69,2026-01-14,24.5,14.1,18.7,0.0,17.24,13.5,32.0
Vinh,18.67,105.69,2026-01-15,24.5,17.9,20.5,0.0,13.29,12.7,28.1
Vinh,18.67,105.69,2026-01-16,25.6,17.1,20.8,0.0,15.52,13.0,30.6
Vinh,18.67,105.69,2026-01-17,25.1,17.6,21.0,0.0,11.0,12.1,27.0
Vinh,18.67,105.69,2026-01-18,25.6,18.0,21.6,0.3,15.71,14.1,32.0
Vinh,18.67,105.69,2026-01-19,26.0,17.0,21.1,0.0,15.6,16.9,37.4
Vinh,18.67,105.69,2026-01-20,26.0,17.9,21.3,0.5,13.61,18.0,40.0
Vinh,18.67,105.69,2026-01-21,24.3,18.9,21.1,1.6,13.66,16.0,37.1
Vinh,18.67,105.69,2026-01-22,19.6,14.1,16.9,35.5,4.11,23.0,44.3
Vinh,18.67,105.69,2026-01-23,18.6,13.4,15.7,0.1,8.46,12.9,28.4
Vinh,18.67,105.69,2026-01-24,19.4,15.7,17.1,9.6,5.71,13.1,27.7
Vinh,18.67,105.69,2026-01-25,24.6,14.3,19.2,0.0,16.6,14.8,34.2
Vinh,18.67,105.69,2026-01-26,24.0,16.6,19.8,0.3,14.47,12.0,28.1
Vinh,18.67,105.69,2026-01-27,23.3,17.7,20.2,0.1,14.35,14.0,32.8
Vinh,18.67,105.69,2026-01-28,22.9,17.9,19.8,1.3,13.42,14.1,32.4
Vinh,18.67,105.69,2026-01-29,24.2,17.0,20.3,0.0,15.99,16.4,38.5
Vinh,18.67,105.69,2026-01-30,26.0,17.1,20.8,0.0,16.03,16.5,37.4
Vinh,18.67,105.69,2026-01-31,23.0,18.3,20.4,1.0,12.84,20.0,42.5
Vinh,18.67,105.69,2026-02-01,21.2,18.0,19.5,3.6,12.58,22.0,46.8
Vinh,18.67,105.69,2026-02-02,20.7,18.5,19.3,3.5,6.47,21.4,46.4
Vinh,18.67,105.69,2026-02-03,20.4,16.6,18.7,0.0,8.27,14.1,31.3
Vinh,18.67,105.69,2026-02-04,24.0,16.2,19.8,0.0,16.64,13.9,31.7
Vinh,18.67,105.69,2026-02-05,25.6,18.1,21.6,0.0,17.33,14.2,33.8
Vinh,18.67,105.69,2026-02-06,25.1,19.7,21.9,0.0,13.88,14.6,32.0
Vinh,18.67,105.69,2026-02-07,25.4,21.0,22.6,0.2,15.28,13.7,31.7
Vinh,18.67,105.69,2026-02-08,23.5,15.6,20.1,31.7,9.23,30.8,56.9
Vinh,18.67,105.69,2026-02-09,20.0,14.2,16.7,4.5,9.5,16.8,31.3
Vinh,18.67,105.69,2026-02-10,22.5,16.0,19.1,0.0,11.62,12.0,28.4
Vinh,18.67,105.69,2026-02-11,23.8,19.0,21.2,0.6,12.32,12.9,29.9
Vinh,18.67,105.69,2026-02-12,24.2,19.4,21.8,0.3,13.67,13.4,31.0
Vinh,18.67,105.69,2026-02-13,24.9,19.0,21.8,0.8,14.14,16.5,37.4
Vinh,18.67,105.69,2026-02-14,25.5,18.5,21.6,0.2,15.96,15.0,34.6
Vinh,18.67,105.69,2026-02-15,26.1,18.4,21.8,0.0,19.09,17.0,37.4
Vinh,18.67,105.69,2026-02-16,25.5,18.0,21.7,0.1,14.94,15.3,33.5
Vinh,18.67,105.69,2026-02-17,25.8,20.9,22.7,2.7,14.64,20.4,43.2
Vinh,18.67,105.69,2026-02-18,22.0,20.4,21.2,16.2,5.03,22.7,43.9
Vinh,18.67,105.69,2026-02-19,22.2,19.5,20.7,11.3,5.53,22.1,44.3
Vinh,18.67,105.69,2026-02-20,22.2,19.0,20.7,1.2,9.03,18.1,36.0
Vinh,18.67,105.69,2026-02-21,26.0,17.9,21.4,0.0,18.54,14.7,33.5
Vinh,18.67,105.69,2026-02-22,26.6,19.2,22.4,0.8,12.83,14.5,31.3
Vinh,18.67,105.69,2026-02-23,26.4,21.8,23.7,0.4,12.96,16.0,36.4
Vinh,18.67,105.69,2026-02-24,26.4,21.8,23.4,1.1,10.27,13.6,30.2
Vinh,18.67,105.69,2026-02-25,25.2,21.2,22.7,2.2,12.18,13.1,30.6
Vinh,18.67,105.69,2026-02-26,25.8,20.4,22.9,0.0,12.65,12.2,28.8
Vinh,18.67,105.69,2026-02-27,27.9,21.5,23.9,0.1,13.61,11.7,28.1
Vinh,18.67,105.69,2026-02-28,29.6,22.0,25.1,1.3,17.92,14.2,31.0
Vinh,18.67,105.69,2026-03-01,30.0,22.6,25.9,0.0,19.17,12.8,26.6
Vinh,18.67,105.69,2026-03-02,31.6,23.2,26.8,0.0,18.86,13.0,25.9
Vinh,18.67,105.69,2026-03-03,26.5,21.5,23.3,5.0,7.89,27.1,55.1
Vinh,18.67,105.69,2026-03-04,21.4,19.7,20.2,6.9,5.11,21.6,40.0
Vinh,18.67,105.69,2026-03-05,21.9,19.0,20.4,4.8,6.28,10.8,24.8
Vinh,18.67,105.69,2026-03-06,23.1,19.9,21.0,12.2,7.83,16.8,33.8
Vinh,18.67,105.69,2026-03-07,24.6,21.0,22.7,3.2,13.06,14.5,32.0
Vinh,18.67,105.69,2026-03-08,26.6,20.2,23.0,0.0,20.04,18.1,37.8
Vinh,18.67,105.69,2026-03-09,25.1,19.6,22.3,8.5,16.71,28.2,50.8
Vinh,18.67,105.69,2026-03-10,20.0,17.1,19.1,1.8,8.25,22.4,41.4
Vinh,18.67,105.69,2026-03-11,22.2,17.2,19.8,0.4,11.61,13.7,31.0
Vinh,18.67,105.69,2026-03-12,22.7,19.8,21.2,0.5,10.62,18.2,38.2
Vinh,18.67,105.69,2026-03-13,22.8,18.9,20.7,1.1,11.54,15.5,34.2
Vinh,18.67,105.69,2026-03-14,24.0,19.1,21.2,1.3,11.32,12.6,26.6
Vinh,18.67,105.69,2026-03-15,24.4,19.5,21.8,2.1,15.36,18.7,40.7
Vinh,18.67,105.69,2026-03-16,26.1,18.6,22.1,0.5,18.02,16.6,36.7
Vinh,18.67,105.69,2026-03-17,26.4,18.8,22.5,0.2,16.65,16.5,35.6
Vinh,18.67,105.69,2026-03-18,27.2,19.1,23.0,0.0,18.59,16.3,36.0
Vinh,18.67,105.69,2026-03-19,28.0,20.8,23.8,0.0,17.95,16.2,35.6
Vinh,18.67,105.69,2026-03-20,27.8,20.5,23.8,0.0,18.63,16.1,36.7
Vinh,18.67,105.69,2026-03-21,26.5,22.2,24.1,1.0,13.91,18.9,40.7
Vinh,18.67,105.69,2026-03-22,27.1,21.7,24.3,0.5,15.72,17.1,38.5
Vinh,18.67,105.69,2026-03-23,27.8,22.1,24.5,0.0,16.55,14.9,34.6
Vinh,18.67,105.69,2026-03-24,29.1,22.1,24.9,0.0,16.73,15.0,35.3
Vinh,18.67,105.69,2026-03-25,28.1,22.7,25.0,0.0,16.03,17.1,36.4
Vinh,18.67,105.69,2026-03-26,28.5,23.5,25.3,0.0,18.8,15.4,34.2
Vinh,18.67,105.69,2026-03-27,29.3,22.5,25.0,0.0,18.51,14.6,35.6
Vinh,18.67,105.69,2026-03-28,29.1,23.0,25.4,0.0,18.16,12.9,31.7
Vinh,18.67,105.69,2026-03-29,30.0,23.0,25.5,0.0,17.74,15.8,36.4
Vinh,18.67,105.69,2026-03-30,34.0,23.9,28.0,0.0,20.94,11.5,23.0
Vinh,18.67,105.69,2026-03-31,36.5,23.9,29.6,0.0,22.44,18.6,38.5
Vinh,18.67,105.69,2026-04-01,26.2,24.3,25.2,1.0,8.38,25.3,50.0
Vinh,18.67,105.69,2026-04-02,29.1,24.2,25.8,0.0,19.04,18.0,38.5
Vinh,18.67,105.69,2026-04-03,36.0,23.5,29.2,0.0,21.76,20.8,44.6
Vinh,18.67,105.69,2026-04-04,29.0,24.2,26.6,0.0,20.71,21.6,47.9
Vinh,18.67,105.69,2026-04-05,33.9,24.1,28.6,0.0,21.33,7.0,19.1
Vinh,18.67,105.69,2026-04-06,37.5,24.9,30.8,0.0,22.89,19.2,38.5
Vinh,18.67,105.69,2026-04-07,37.8,24.4,30.8,0.0,22.95,19.2,37.4
Vinh,18.67,105.69,2026-04-08,37.5,24.0,30.3,0.0,22.53,12.3,22.3
Vinh,18.67,105.69,2026-04-09,38.0,24.0,30.3,0.0,23.27,17.1,34.6
Vinh,18.67,105.69,2026-04-10,37.8,25.0,31.0,0.0,23.77,14.3,31.7
Vinh,18.67,105.69,2026-04-11,37.3,27.1,31.5,0.0,23.99,23.2,46.1
Vinh,18.67,105.69,2026-04-12,37.8,23.3,30.2,0.0,24.01,10.3,24.5
Vinh,18.67,105.69,2026-04-13,36.3,24.9,30.0,0.0,23.11,13.3,25.6
Vinh,18.67,105.69,2026-04-14,35.7,23.8,29.1,0.0,23.1,13.9,28.8
Vinh,18.67,105.69,2026-04-15,35.2,23.9,28.7,0.0,22.78,17.0,34.2
Vinh,18.67,105.69,2026-04-16,33.4,23.9,28.0,0.0,23.16,19.0,36.0
Vinh,18.67,105.69,2026-04-17,31.0,24.6,26.8,0.3,17.51,16.2,39.6
Vinh,18.67,105.69,2026-04-18,29.1,24.1,26.5,6.1,15.58,17.4,38.5
Vinh,18.67,105.69,2026-04-19,29.5,24.4,26.4,0.6,17.04,18.0,41.0
Vinh,18.67,105.69,2026-04-20,29.1,23.0,26.1,0.0,19.03,15.0,30.2
Vinh,18.67,105.69,2026-04-21,32.5,24.2,28.0,0.0,23.01,17.1,34.6
Vinh,18.67,105.69,2026-04-22,35.7,24.5,29.4,0.0,23.29,9.9,23.4
Vinh,18.67,105.69,2026-04-23,31.9,25.4,27.1,8.9,13.85,31.1,66.2
Vinh,18.67,105.69,2026-04-24,26.2,24.4,25.0,14.0,6.22,13.9,25.9
Vinh,18.67,105.69,2026-04-25,27.5,24.1,25.5,2.1,18.73,14.4,33.5
Vinh,18.67,105.69,2026-04-26,29.1,22.8,25.8,0.1,20.84,13.5,31.7
Vinh,18.67,105.69,2026-04-27,30.2,24.2,26.8,0.0,20.25,11.5,28.1
Vinh,18.67,105.69,2026-04-28,31.8,24.0,27.5,0.0,21.68,10.7,25.9
Vinh,18.67,105.69,2026-04-29,27.6,25.2,26.5,0.0,15.95,25.7,54.0
Vinh,18.67,105.69,2026-04-30,26.5,22.9,24.4,3.2,10.59,15.7,35.3
Vinh,18.67,105.69,2026-05-01,27.8,21.2,24.6,0.0,22.65,12.3,27.7
Vinh,18.67,105.69,2026-05-02,30.9,22.0,26.6,0.0,19.96,11.8,25.2
Vinh,18.67,105.69,2026-05-03,32.1,24.6,27.4,11.1,20.38,13.7,34.9
Vinh,18.67,105.69,2026-05-04,25.0,23.0,23.9,41.1,9.21,20.5,36.4
Vinh,18.67,105.69,2026-05-05,27.9,22.8,25.4,0.2,18.42,12.7,26.6
Vinh,18.67,105.69,2026-05-06,30.0,23.0,26.6,0.0,23.9,16.2,35.6
Vinh,18.67,105.69,2026-05-07,31.3,24.5,27.6,1.7,22.14,16.1,36.0
Vinh,18.67,105.69,2026-05-08,28.3,24.6,26.2,6.4,12.85,14.3,30.2
Vinh,18.67,105.69,2026-05-09,28.3,24.5,26.0,8.1,17.09,18.0,40.7
Vinh,18.67,105.69,2026-05-10,28.5,24.5,26.2,5.0,18.5,15.9,35.6
Vinh,18.67,105.69,2026-05-11,29.5,24.8,27.1,0.5,22.47,13.2,31.0
Vinh,18.67,105.69,2026-05-12,31.9,25.0,28.0,0.0,21.89,15.0,34.2
Vinh,18.67,105.69,2026-05-13,33.3,25.6,29.0,0.1,22.23,8.4,24.1
Vinh,18.67,105.69,2026-05-14,34.5,26.6,30.5,0.0,20.78,12.3,27.4
Vinh,18.67,105.69,2026-05-15,35.5,28.0,31.1,0.7,21.99,12.4,28.8
Vinh,18.67,105.69,2026-05-16,35.3,27.0,30.2,4.5,23.8,16.8,36.0
Vinh,18.67,105.69,2026-05-17,32.8,27.3,29.7,1.5,21.16,8.9,21.6
Vinh,18.67,105.69,2026-05-18,32.3,27.0,29.3,0.6,19.88,11.1,22.0
Vinh,18.67,105.69,2026-05-19,32.2,27.1,29.1,3.8,19.57,13.9,23.4
Vinh,18.67,105.69,2026-05-20,30.8,26.5,28.1,13.1,15.37,6.1,19.8
Vinh,18.67,105.69,2026-05-21,32.1,26.6,29.0,6.2,16.77,8.6,19.4
Vinh,18.67,105.69,2026-05-22,33.6,26.8,30.2,0.4,22.32,10.3,24.1
Vinh,18.67,105.69,2026-05-23,35.0,27.9,31.2,0.0,24.18,10.6,22.0
Vinh,18.67,105.69,2026-05-24,37.2,27.9,32.2,0.0,25.53,19.1,38.2
Vinh,18.67,105.69,2026-05-25,37.6,27.7,32.6,0.0,25.65,20.0,42.1
Vinh,18.67,105.69,2026-05-26,38.3,28.2,33.3,0.0,26.02,20.5,41.4
Vinh,18.67,105.69,2026-05-27,38.5,29.3,32.9,0.2,25.74,9.5,26.6
Vinh,18.67,105.69,2026-05-28,36.5,29.0,32.6,0.1,25.47,15.4,35.3
Vinh,18.67,105.69,2026-05-29,33.8,26.6,30.3,4.9,22.83,12.2,29.9
Vinh,18.67,105.69,2026-05-30,31.0,25.8,28.6,3.0,22.44,14.7,34.2
Vinh,18.67,105.69,2026-05-31,32.0,26.0,29.3,1.0,24.91,14.4,34.2
Vinh,18.67,105.69,2026-06-01,34.8,26.8,30.7,0.0,25.74,15.0,35.3
Vinh,18.67,105.69,2026-06-02,35.0,27.5,31.1,0.2,25.63,16.7,38.5
Vinh,18.67,105.69,2026-06-03,37.5,28.4,32.5,1.0,25.7,11.4,28.4
Vinh,18.67,105.69,2026-06-04,38.8,28.5,33.6,0.3,25.91,10.2,29.5
Vinh,18.67,105.69,2026-06-05,34.8,28.1,31.7,2.0,22.24,13.5,32.0
Vinh,18.67,105.69,2026-06-06,34.8,27.0,31.0,1.4,22.83,12.9,28.4
Vinh,18.67,105.69,2026-06-07,35.6,29.1,32.3,0.8,19.76,20.4,45.7
Vinh,18.67,105.69,2026-06-08,37.2,28.2,32.8,1.9,23.15,25.2,54.4
Vinh,18.67,105.69,2026-06-09,29.6,25.6,27.8,8.9,14.09,18.2,40.7
Vinh,18.67,105.69,2026-06-10,29.0,24.7,27.0,12.3,10.69,13.2,31.0
Vinh,18.67,105.69,2026-06-11,30.0,24.5,27.1,25.8,14.96,12.8,30.6
Vinh,18.67,105.69,2026-06-12,33.0,25.8,29.1,1.3,21.92,11.2,32.4
Vinh,18.67,105.69,2026-06-13,35.5,27.6,31.4,0.0,23.22,19.2,41.0
Vinh,18.67,105.69,2026-06-14,36.4,28.3,32.3,0.0,24.73,22.2,47.2
Vinh,18.67,105.69,2026-06-15,36.6,28.6,32.7,0.0,20.91,22.7,47.2
Vinh,18.67,105.69,2026-06-16,37.2,30.0,32.7,4.2,19.37,22.0,47.9
Vinh,18.67,105.69,2026-06-17,34.6,27.5,31.0,0.6,9.75,14.5,32.8
Vinh,18.67,105.69,2026-06-18,36.8,30.0,33.5,0.1,21.19,19.1,46.8
Vinh,18.67,105.69,2026-06-19,36.6,30.2,33.2,0.0,15.34,15.1,34.9
Vinh,18.67,105.69,2026-06-20,39.3,28.9,33.8,0.6,24.35,12.8,36.0
Vinh,18.67,105.69,2026-06-21,38.2,29.0,34.0,0.6,25.17,13.9,34.2
Vinh,18.67,105.69,2026-06-22,38.5,29.8,33.9,0.1,23.91,21.9,48.2
Vinh,18.67,105.69,2026-06-23,38.7,30.4,34.2,0.0,24.3,26.7,60.1
Ca Mau,9.18,105.15,2026-01-01,29.6,22.3,25.5,0.0,20.45,14.2,26.6
Ca Mau,9.18,105.15,2026-01-02,29.5,22.3,25.4,1.1,18.21,17.8,34.6
Ca Mau,9.18,105.15,2026-01-03,29.8,22.2,25.2,0.2,20.48,17.7,34.2
Ca Mau,9.18,105.15,2026-01-04,30.3,21.9,25.5,0.0,21.09,12.4,26.6
Ca Mau,9.18,105.15,2026-01-05,30.2,23.0,26.3,0.2,16.88,12.7,24.1
Ca Mau,9.18,105.15,2026-01-06,28.7,24.0,25.9,1.8,13.58,18.7,36.0
Ca Mau,9.18,105.15,2026-01-07,27.4,23.5,25.1,6.5,10.83,21.5,39.2
Ca Mau,9.18,105.15,2026-01-08,28.5,22.6,25.1,0.4,16.63,20.4,39.2
Ca Mau,9.18,105.15,2026-01-09,27.9,21.5,24.0,0.0,21.39,16.2,32.4
Ca Mau,9.18,105.15,2026-01-10,28.5,19.6,23.6,0.0,19.94,15.5,29.5
Ca Mau,9.18,105.15,2026-01-11,28.7,20.1,24.2,0.0,18.37,8.1,22.0
Ca Mau,9.18,105.15,2026-01-12,30.0,22.5,25.5,0.7,16.98,9.6,23.4
Ca Mau,9.18,105.15,2026-01-13,29.0,23.0,24.8,8.8,15.16,13.3,28.1
Ca Mau,9.18,105.15,2026-01-14,29.1,23.1,25.5,0.3,18.2,16.3,31.3
Ca Mau,9.18,105.15,2026-01-15,29.8,22.5,25.6,0.8,19.32,12.8,26.3
Ca Mau,9.18,105.15,2026-01-16,29.4,23.0,25.5,1.8,19.06,13.8,29.2
Ca Mau,9.18,105.15,2026-01-17,30.6,22.4,25.6,0.5,19.49,16.1,33.8
Ca Mau,9.18,105.15,2026-01-18,30.1,22.5,25.5,0.1,20.05,16.5,32.8
Ca Mau,9.18,105.15,2026-01-19,29.7,22.6,25.5,0.5,17.51,16.7,34.9
Ca Mau,9.18,105.15,2026-01-20,29.8,22.2,25.4,1.3,19.34,18.5,36.4
Ca Mau,9.18,105.15,2026-01-21,31.6,22.8,26.0,0.2,20.6,20.0,40.3
Ca Mau,9.18,105.15,2026-01-22,30.5,22.6,25.9,0.0,19.02,18.7,38.9
Ca Mau,9.18,105.15,2026-01-23,31.7,22.4,25.9,0.3,20.7,18.0,36.4
Ca Mau,9.18,105.15,2026-01-24,30.5,22.8,26.1,1.0,19.66,15.9,33.5
Ca Mau,9.18,105.15,2026-01-25,29.6,22.9,25.8,0.3,19.72,17.3,36.7
Ca Mau,9.18,105.15,2026-01-26,30.4,22.4,25.4,0.5,20.02,20.2,40.3
Ca Mau,9.18,105.15,2026-01-27,30.1,22.5,25.6,0.1,20.05,17.7,37.8
Ca Mau,9.18,105.15,2026-01-28,29.9,22.5,25.5,1.3,18.09,18.1,37.8
Ca Mau,9.18,105.15,2026-01-29,30.9,22.8,25.8,0.5,20.11,19.0,39.2
Ca Mau,9.18,105.15,2026-01-30,30.1,23.0,25.7,0.3,18.37,17.5,34.9
Ca Mau,9.18,105.15,2026-01-31,30.9,22.9,25.9,1.5,20.55,19.1,38.2
Ca Mau,9.18,105.15,2026-02-01,31.6,22.6,26.4,0.0,21.63,20.0,40.7
Ca Mau,9.18,105.15,2026-02-02,32.0,23.2,26.3,0.2,21.12,20.3,40.0
Ca Mau,9.18,105.15,2026-02-03,31.4,23.6,26.9,0.9,19.53,21.6,43.9
Ca Mau,9.18,105.15,2026-02-04,31.5,23.6,27.2,0.3,20.46,18.3,35.3
Ca Mau,9.18,105.15,2026-02-05,30.9,23.8,26.5,0.6,19.06,17.2,36.4
Ca Mau,9.18,105.15,2026-02-06,30.4,23.5,26.2,1.3,17.04,15.2,32.0
Ca Mau,9.18,105.15,2026-02-07,31.2,23.4,26.7,0.3,21.11,14.5,28.4
Ca Mau,9.18,105.15,2026-02-08,29.2,23.5,25.9,0.6,20.5,24.8,48.6
Ca Mau,9.18,105.15,2026-02-09,32.3,22.6,26.4,0.0,22.21,17.3,36.0
Ca Mau,9.18,105.15,2026-02-10,31.7,22.7,26.7,0.3,20.35,15.5,31.3
Ca Mau,9.18,105.15,2026-02-11,31.9,24.8,27.6,0.6,21.67,25.5,50.0
Ca Mau,9.18,105.15,2026-02-12,32.1,24.5,27.5,0.4,21.93,24.7,48.6
Ca Mau,9.18,105.15,2026-02-13,32.8,24.6,27.5,0.0,22.62,21.7,43.9
Ca Mau,9.18,105.15,2026-02-14,32.5,24.4,27.6,0.0,21.41,23.4,46.1
Ca Mau,9.18,105.15,2026-02-15,33.2,24.6,27.7,4.2,18.81,19.0,42.5
Ca Mau,9.18,105.15,2026-02-16,33.0,25.2,28.0,0.3,22.32,23.2,46.1
Ca Mau,9.18,105.15,2026-02-17,32.6,24.9,28.0,0.0,23.59,26.9,52.9
Ca Mau,9.18,105.15,2026-02-18,33.8,24.9,28.5,0.0,23.79,27.4,52.9
Ca Mau,9.18,105.15,2026-02-19,33.3,25.5,28.6,0.0,23.98,27.2,53.6
Ca Mau,9.18,105.15,2026-02-20,33.9,25.2,28.2,0.2,22.82,21.4,43.6
Ca Mau,9.18,105.15,2026-02-21,32.8,24.1,27.5,0.8,22.59,17.3,36.0
Ca Mau,9.18,105.15,2026-02-22,32.7,23.4,27.3,0.8,22.65,13.8,28.4
Ca Mau,9.18,105.15,2026-02-23,32.0,24.0,27.1,1.2,20.29,18.9,39.6
Ca Mau,9.18,105.15,2026-02-24,32.3,23.9,27.3,0.0,21.03,16.6,34.6
Ca Mau,9.18,105.15,2026-02-25,33.0,24.4,27.6,0.4,20.92,17.8,37.1
Ca Mau,9.18,105.15,2026-02-26,29.6,24.4,26.1,9.4,14.58,12.1,30.2
Ca Mau,9.18,105.15,2026-02-27,30.2,24.0,25.9,15.2,14.08,16.6,33.5
Ca Mau,9.18,105.15,2026-02-28,32.1,22.9,26.5,1.8,20.29,10.1,23.8
Ca Mau,9.18,105.15,2026-03-01,31.6,24.1,27.1,3.3,19.72,10.7,34.9
Ca Mau,9.18,105.15,2026-03-02,32.6,25.1,27.8,2.6,20.44,9.7,30.2
Ca Mau,9.18,105.15,2026-03-03,32.6,24.6,28.1,1.7,22.12,10.2,29.2
Ca Mau,9.18,105.15,2026-03-04,32.5,25.0,28.1,1.6,23.17,14.5,30.2
Ca Mau,9.18,105.15,2026-03-05,32.3,24.8,27.5,2.6,21.27,15.7,35.3
Ca Mau,9.18,105.15,2026-03-06,31.6,24.8,27.1,5.4,21.14,20.0,43.2
Ca Mau,9.18,105.15,2026-03-07,31.0,24.5,27.3,0.5,20.56,24.1,46.1
Ca Mau,9.18,105.15,2026-03-08,31.0,24.3,27.2,1.2,22.67,17.8,36.4
Ca Mau,9.18,105.15,2026-03-09,31.3,24.6,27.3,2.5,21.25,16.0,33.8
Ca Mau,9.18,105.15,2026-03-10,32.3,25.1,28.0,0.4,23.1,25.2,48.2
Ca Mau,9.18,105.15,2026-03-11,32.2,24.8,27.6,1.6,23.37,20.2,44.3
Ca Mau,9.18,105.15,2026-03-12,31.7,25.0,27.5,1.0,22.42,24.1,47.2
Ca Mau,9.18,105.15,2026-03-13,31.5,24.8,27.3,0.0,24.32,28.0,53.6
Ca Mau,9.18,105.15,2026-03-14,32.2,24.5,27.4,1.0,22.49,24.2,48.6
Ca Mau,9.18,105.15,2026-03-15,32.2,24.5,27.6,1.1,23.29,25.9,50.4
Ca Mau,9.18,105.15,2026-03-16,31.6,24.4,27.1,0.4,24.06,24.2,49.0
Ca Mau,9.18,105.15,2026-03-17,31.4,24.4,27.2,1.1,23.68,23.1,45.7
Ca Mau,9.18,105.15,2026-03-18,31.5,24.3,27.3,0.9,23.09,18.9,38.9
Ca Mau,9.18,105.15,2026-03-19,31.4,23.5,27.0,0.0,21.52,17.8,37.8
Ca Mau,9.18,105.15,2026-03-20,31.5,23.4,27.0,0.4,20.7,15.8,33.8
Ca Mau,9.18,105.15,2026-03-21,32.5,23.7,27.3,0.0,21.36,18.9,37.8
Ca Mau,9.18,105.15,2026-03-22,32.5,24.6,27.6,0.0,23.32,21.2,43.2
Ca Mau,9.18,105.15,2026-03-23,32.2,24.3,27.5,1.3,22.29,18.6,37.4
Ca Mau,9.18,105.15,2026-03-24,32.5,24.3,27.6,0.1,25.19,17.6,37.1
Ca Mau,9.18,105.15,2026-03-25,33.1,23.8,27.6,0.1,23.93,18.5,37.8
Ca Mau,9.18,105.15,2026-03-26,32.3,24.0,27.5,0.1,21.3,19.7,38.5
Ca Mau,9.18,105.15,2026-03-27,32.8,24.0,28.0,0.0,25.86,15.6,32.8
Ca Mau,9.18,105.15,2026-03-28,32.8,24.1,27.9,0.0,24.55,19.1,41.0
Ca Mau,9.18,105.15,2026-03-29,33.8,24.5,28.5,0.1,25.97,19.2,41.0
Ca Mau,9.18,105.15,2026-03-30,33.3,24.5,28.5,2.0,22.2,11.3,25.9
Ca Mau,9.18,105.15,2026-03-31,33.7,24.6,28.0,4.5,21.65,13.2,29.2
Ca Mau,9.18,105.15,2026-04-01,33.5,24.5,28.5,0.1,24.59,13.0,28.8
Ca Mau,9.18,105.15,2026-04-02,33.3,24.4,28.4,0.0,24.79,19.0,36.0
Ca Mau,9.18,105.15,2026-04-03,33.8,24.8,28.7,0.0,23.94,16.3,35.6
Ca Mau,9.18,105.15,2026-04-04,34.7,23.8,28.8,0.0,22.51,11.1,26.6
Ca Mau,9.18,105.15,2026-04-05,35.5,24.0,28.9,0.0,25.55,14.6,29.9
Ca Mau,9.18,105.15,2026-04-06,35.8,24.2,29.3,0.0,24.86,13.5,27.4
Ca Mau,9.18,105.15,2026-04-07,35.5,24.5,29.6,0.0,25.97,16.4,33.5
Ca Mau,9.18,105.15,2026-04-08,37.2,25.7,30.4,0.0,24.88,10.7,24.5
Ca Mau,9.18,105.15,2026-04-09,34.8,25.5,29.8,0.0,24.0,11.5,28.8
Ca Mau,9.18,105.15,2026-04-10,36.0,24.9,29.9,0.2,26.28,14.2,31.7
Ca Mau,9.18,105.15,2026-04-11,36.0,25.9,30.1,0.6,25.01,17.0,33.5
Ca Mau,9.18,105.15,2026-04-12,35.5,25.2,29.9,0.0,24.03,14.8,29.9
Ca Mau,9.18,105.15,2026-04-13,34.8,25.4,29.9,0.9,24.26,12.1,28.4
Ca Mau,9.18,105.15,2026-04-14,34.8,26.1,30.1,0.7,23.69,9.1,25.9
Ca Mau,9.18,105.15,2026-04-15,35.0,25.9,30.1,0.5,23.41,13.9,32.4
Ca Mau,9.18,105.15,2026-04-16,34.7,25.5,29.6,0.0,26.13,16.9,33.1
Ca Mau,9.18,105.15,2026-04-17,35.3,25.6,30.2,0.3,24.53,12.6,27.0
Ca Mau,9.18,105.15,2026-04-18,34.7,26.0,30.1,0.1,24.59,15.2,33.8
Ca Mau,9.18,105.15,2026-04-19,34.7,26.6,30.2,0.2,23.2,15.6,34.6
Ca Mau,9.18,105.15,2026-04-20,34.5,25.9,29.8,0.1,24.29,16.3,36.7
Ca Mau,9.18,105.15,2026-04-21,34.0,25.2,29.5,0.0,25.95,16.9,37.1
Ca Mau,9.18,105.15,2026-04-22,33.9,24.6,29.0,0.0,25.62,19.5,39.2
Ca Mau,9.18,105.15,2026-04-23,34.8,24.8,29.4,0.0,26.75,14.3,33.1
Ca Mau,9.18,105.15,2026-04-24,34.7,25.0,29.6,0.0,24.76,18.2,34.9
Ca Mau,9.18,105.15,2026-04-25,34.5,25.0,29.7,0.2,23.9,16.4,36.7
Ca Mau,9.18,105.15,2026-04-26,35.4,25.8,30.2,0.0,24.74,18.5,39.6
Ca Mau,9.18,105.15,2026-04-27,35.0,26.4,30.2,0.6,24.41,20.5,42.5
Ca Mau,9.18,105.15,2026-04-28,35.5,27.2,30.6,0.0,24.1,17.2,37.4
Ca Mau,9.18,105.15,2026-04-29,35.6,25.9,30.3,0.1,24.92,14.8,33.5
Ca Mau,9.18,105.15,2026-04-30,35.4,26.5,30.4,0.9,24.22,18.3,38.5
Ca Mau,9.18,105.15,2026-05-01,33.2,26.7,29.4,3.5,22.49,25.6,49.3
Ca Mau,9.18,105.15,2026-05-02,33.2,26.2,29.6,2.8,23.44,17.4,38.9
Ca Mau,9.18,105.15,2026-05-03,33.7,26.8,29.0,6.8,19.0,16.2,42.8
Ca Mau,9.18,105.15,2026-05-04,33.8,26.2,29.3,7.9,20.73,15.2,35.6
Ca Mau,9.18,105.15,2026-05-05,33.5,26.3,29.0,7.4,21.09,17.3,39.2
Ca Mau,9.18,105.15,2026-05-06,32.9,25.9,28.3,14.5,16.88,17.9,36.7
Ca Mau,9.18,105.15,2026-05-07,32.8,26.9,29.4,0.9,22.14,17.6,39.6
Ca Mau,9.18,105.15,2026-05-08,33.0,26.5,29.3,1.3,22.06,16.3,36.0
Ca Mau,9.18,105.15,2026-05-09,32.5,26.8,29.1,4.7,19.01,16.7,41.4
Ca Mau,9.18,105.15,2026-05-10,31.7,25.6,28.2,15.7,16.14,26.6,52.6
Ca Mau,9.18,105.15,2026-05-11,31.6,24.8,28.2,6.7,15.16,22.8,43.9
Ca Mau,9.18,105.15,2026-05-12,33.2,26.9,29.4,1.8,23.29,16.5,35.3
Ca Mau,9.18,105.15,2026-05-13,33.6,26.4,29.1,3.6,23.64,15.2,31.0
Ca Mau,9.18,105.15,2026-05-14,33.3,26.5,29.0,8.2,20.27,15.1,35.3
Ca Mau,9.18,105.15,2026-05-15,33.7,27.1,30.0,2.2,23.32,15.1,33.1
Ca Mau,9.18,105.15,2026-05-16,34.3,28.0,30.1,6.4,22.44,17.8,41.0
Ca Mau,9.18,105.15,2026-05-17,33.2,27.9,29.7,6.0,18.86,18.0,38.5
Ca Mau,9.18,105.15,2026-05-18,32.8,27.1,29.5,8.0,21.98,23.1,43.6
Ca Mau,9.18,105.15,2026-05-19,31.5,26.0,28.8,7.1,17.31,19.9,41.4
Ca Mau,9.18,105.15,2026-05-20,32.4,25.3,28.4,6.0,17.9,17.9,34.9
Ca Mau,9.18,105.15,2026-05-21,30.0,25.2,27.8,13.7,10.97,14.1,29.9
Ca Mau,9.18,105.15,2026-05-22,33.7,26.6,29.2,3.3,23.36,11.5,26.6
Ca Mau,9.18,105.15,2026-05-23,32.9,26.7,28.9,8.0,18.89,14.2,29.5
Ca Mau,9.18,105.15,2026-05-24,33.2,26.9,29.2,4.3,21.29,11.3,28.1
Ca Mau,9.18,105.15,2026-05-25,33.0,26.8,28.9,8.2,21.34,15.3,34.2
Ca Mau,9.18,105.15,2026-05-26,32.8,26.9,29.4,3.5,23.86,19.1,41.8
Ca Mau,9.18,105.15,2026-05-27,32.0,25.7,29.3,1.0,18.3,18.5,41.4
Ca Mau,9.18,105.15,2026-05-28,32.5,26.5,28.8,3.6,15.54,17.7,34.9
Ca Mau,9.18,105.15,2026-05-29,28.5,25.0,26.5,20.2,11.38,18.0,32.0
Ca Mau,9.18,105.15,2026-05-30,27.5,24.0,25.8,28.6,6.57,17.8,34.9
Ca Mau,9.18,105.15,2026-05-31,28.7,23.9,26.3,18.5,7.94,14.1,27.7
Ca Mau,9.18,105.15,2026-06-01,30.3,24.5,27.0,32.1,14.2,16.6,34.9
Ca Mau,9.18,105.15,2026-06-02,28.9,24.4,26.4,47.4,6.8,21.2,43.9
Ca Mau,9.18,105.15,2026-06-03,31.1,24.9,27.7,11.0,14.22,26.5,49.7
Ca Mau,9.18,105.15,2026-06-04,32.9,25.2,28.1,11.0,15.65,22.4,44.3
Ca Mau,9.18,105.15,2026-06-05,32.5,25.6,28.9,6.3,23.34,17.0,34.2
Ca Mau,9.18,105.15,2026-06-06,32.3,26.9,29.2,2.9,20.6,18.3,37.4
Ca Mau,9.18,105.15,2026-06-07,33.3,26.9,29.6,1.3,22.51,16.2,34.9
Ca Mau,9.18,105.15,2026-06-08,31.8,26.6,28.9,2.5,22.22,22.6,42.5
Ca Mau,9.18,105.15,2026-06-09,31.4,27.0,28.5,3.2,16.56,17.4,33.8
Ca Mau,9.18,105.15,2026-06-10,31.9,25.8,28.2,4.2,19.69,24.4,45.7
Ca Mau,9.18,105.15,2026-06-11,32.5,24.3,27.5,25.9,18.2,15.4,27.0
Ca Mau,9.18,105.15,2026-06-12,30.4,26.0,27.9,11.3,16.62,10.0,26.6
Ca Mau,9.18,105.15,2026-06-13,33.3,26.0,29.1,1.4,22.73,15.2,29.9
Ca Mau,9.18,105.15,2026-06-14,30.9,26.5,27.8,14.8,18.06,9.8,25.9
Ca Mau,9.18,105.15,2026-06-15,32.5,26.0,27.8,19.4,21.08,14.8,31.3
Ca Mau,9.18,105.15,2026-06-16,33.2,26.0,28.3,6.3,21.12,13.6,28.4
Ca Mau,9.18,105.15,2026-06-17,32.0,26.2,28.1,4.9,19.95,11.2,26.6
Ca Mau,9.18,105.15,2026-06-18,32.1,25.9,28.1,9.7,21.09,11.5,29.2
Ca Mau,9.18,105.15,2026-06-19,32.2,26.0,28.2,5.1,20.01,7.6,25.9
Ca Mau,9.18,105.15,2026-06-20,32.1,26.2,28.1,8.5,18.22,10.8,23.8
Ca Mau,9.18,105.15,2026-06-21,31.8,26.2,28.8,2.2,21.68,13.5,29.5
Ca Mau,9.18,105.15,2026-06-22,32.7,26.5,29.2,2.1,23.55,16.7,33.8
Ca Mau,9.18,105.15,2026-06-23,32.0,26.8,29.0,2.5,19.82,19.4,43.2
